date,open,high,low,close,volume
2021-11-11,6800,6940,6770,6810,110999
2021-11-12,6840,7080,6840,6960,76461
2021-11-15,7000,7160,7000,7020,106754
2021-11-16,7150,7350,7080,7110,143874
2021-11-17,7110,7110,6910,7010,100061
2021-11-18,6970,7160,6960,7140,118785
2021-11-19,7160,7220,7090,7180,86923
2021-11-22,7180,7250,7050,7180,89895
2021-11-23,7140,7260,7020,7060,130708
2021-11-24,7180,7180,6990,7010,68262
2021-11-25,7050,7250,6990,7120,110661
2021-11-26,7120,7250,6950,6990,113445
2021-11-29,6700,6930,6690,6700,119552
2021-11-30,6800,6840,6270,6340,186201
2021-12-01,6230,6600,6050,6520,165726
2021-12-02,6350,6650,6310,6620,96033
2021-12-03,6660,6770,6610,6730,64607
2021-12-06,6880,7880,6870,7230,1512434
2021-12-07,7240,7390,7080,7140,276674
2021-12-08,7150,7260,7120,7130,118570
2021-12-09,7130,7260,7070,7190,97870
2021-12-10,7160,7260,7140,7180,81224
2021-12-13,7190,7280,7170,7190,90053
2021-12-14,7230,7230,7010,7100,59183
2021-12-15,7080,7190,6950,6980,73463
2021-12-16,7030,7040,6930,6930,93345
2021-12-17,6930,7010,6870,6890,69569
2021-12-20,6890,6890,6710,6730,79154
2021-12-21,6730,6890,6620,6790,146490
2021-12-22,6860,6920,6770,6920,63566
2021-12-23,6940,6960,6650,6820,69118
2021-12-24,6820,7130,6800,7100,207938
2021-12-27,7130,7320,7080,7110,118674
2021-12-28,7090,7170,7050,7070,78827
2021-12-29,7070,7130,7070,7070,36887
2021-12-30,7080,7080,6960,7050,99653
2022-01-03,7010,7100,6950,7060,83210
2022-01-04,7060,7110,7000,7080,99338
2022-01-05,7090,7310,7060,7110,223849
2022-01-06,7040,7240,7030,7230,152389
2022-01-07,7490,7730,7250,7320,725204
2022-01-10,7340,7400,7070,7190,274426
2022-01-11,7220,7320,6970,7040,221841
2022-01-12,7050,7220,7050,7180,135808
2022-01-13,7130,7210,6970,6980,196887
2022-01-14,6890,7070,6890,6950,134866
2022-01-17,7100,7270,7090,7150,348183
2022-01-18,7100,7200,6840,6890,154719
2022-01-19,6800,6960,6800,6860,104245
2022-01-20,6850,7690,6760,7240,2070738
2022-01-21,7210,7360,7160,7260,240073
2022-01-24,7200,7330,7070,7080,234389
2022-01-25,7130,7160,6700,6710,272443
2022-01-26,6800,6840,6680,6700,140841
2022-01-27,6770,6770,6310,6320,213192
2022-01-28,6320,6600,6240,6580,127074
2022-02-03,6660,6860,6660,6840,117817
2022-02-04,6770,6890,6750,6890,72827
2022-02-07,6960,6960,6820,6900,63934
2022-02-08,6930,7180,6900,6940,156929
2022-02-09,6980,7170,6980,7130,123809
2022-02-10,7170,7170,7060,7130,82950
2022-02-11,7100,7110,6970,7050,91588
2022-02-14,6980,6980,6780,6830,120512
2022-02-15,6830,6940,6660,6720,100852
2022-02-16,6790,7050,6790,7010,140584
2022-02-17,7060,7310,6980,7220,396022
2022-02-18,7230,7480,7180,7360,505527
2022-02-21,7290,7470,7180,7370,174399
2022-02-22,7240,7300,7060,7100,151083
2022-02-23,7100,7210,7060,7130,64091
2022-02-24,7060,7090,6790,6800,155273
2022-02-25,6870,7030,6870,6970,84883
2022-02-28,6830,6980,6790,6900,116446
2022-03-02,6870,7000,6850,6930,88884
2022-03-03,7470,7500,7000,7040,571148
2022-03-04,7040,7040,6870,6900,139288
2022-03-07,6860,6860,6700,6720,188787
2022-03-08,6630,6780,6450,6450,240156
2022-03-10,6610,6920,6590,6620,256129
2022-03-11,6650,6650,6490,6570,152853
2022-03-14,6570,6570,6410,6480,117025
2022-03-15,6410,6510,6400,6480,69441
2022-03-16,6540,6640,6430,6640,66330
2022-03-17,6730,6740,6670,6730,84692
2022-03-18,6730,6750,6580,6660,165117
2022-03-21,6730,6750,6660,6690,101361
2022-03-22,6680,6720,6610,6650,80291
2022-03-23,6670,6770,6630,6730,134455
2022-03-24,6700,6810,6610,6780,105630
2022-03-25,6810,6820,6670,6690,117523
2022-03-28,6750,6920,6710,6820,165238
2022-03-29,6800,6930,6770,6770,134535
2022-03-30,6810,6940,6770,6830,184658
2022-03-31,6830,6900,6740,6860,128126
2022-04-01,6830,6860,6710,6780,169079
2022-04-04,6800,6870,6700,6870,115299
2022-04-05,6900,6900,6790,6860,90102
2022-04-06,6780,6850,6730,6780,71551
2022-04-07,6770,6800,6550,6630,169063
2022-04-08,6630,6730,6580,6630,74461
2022-04-11,6590,6670,6560,6570,87409
2022-04-12,6530,6800,6440,6770,331538
2022-04-13,6670,6730,6620,6660,103169
2022-04-14,6680,6710,6650,6660,70160
2022-04-15,6670,6670,6570,6610,67329
2022-04-18,6600,6650,6550,6620,64115
2022-04-19,6620,6670,6610,6660,52183
2022-04-20,6690,6790,6650,6780,175676
2022-04-21,6830,6830,6720,6790,99995
2022-04-22,6760,6790,6670,6740,81445
2022-04-25,6650,6690,6550,6620,109688
2022-04-26,6690,7140,6690,6840,1558461
2022-04-27,6640,7070,6640,7040,512636
2022-04-28,7040,7050,6850,6890,228052
2022-04-29,6950,6960,6880,6890,128172
2022-05-02,6830,7040,6800,6970,145449
2022-05-03,7000,7000,6880,6940,120004
2022-05-04,6960,7120,6910,7030,289260
2022-05-06,6940,7050,6850,6870,117559
2022-05-09,6780,6930,6620,6650,123351
2022-05-10,6490,6880,6470,6760,181285
2022-05-11,6790,6880,6740,6860,98813
2022-05-12,6760,6980,6660,6690,178607
2022-05-13,6690,6870,6690,6770,93344
2022-05-16,6830,6930,6820,6850,91947
2022-05-17,6950,7490,6950,7280,1660382
2022-05-18,7500,8420,7320,8260,6879096
2022-05-19,8100,8420,8020,8170,2521461
2022-05-20,8110,8330,8080,8170,605194
2022-05-23,8200,8430,8090,8300,998153
2022-05-24,8350,8350,7880,7900,623103
2022-05-25,7900,8270,7900,8190,668777
2022-05-26,8200,8270,8060,8060,318999
2022-05-27,8110,8240,8050,8230,255989
2022-05-30,8370,8650,8240,8560,853818
2022-05-31,8620,8650,8440,8590,365497
2022-06-02,8600,8940,8550,8890,708953
2022-06-03,8890,9000,8760,8900,365129
2022-06-07,8720,8830,8540,8610,344507
2022-06-08,8610,8810,8560,8610,269153
2022-06-09,8550,8600,8330,8600,195876
2022-06-10,8510,8710,8450,8620,203176
2022-06-13,8440,8460,7860,7950,453103
2022-06-14,7640,7970,7620,7900,312112
2022-06-15,7900,8110,7600,7620,300990
2022-06-16,7780,7880,7510,7620,216827
2022-06-17,7350,7810,7190,7610,377069
2022-06-20,7870,7870,7180,7220,283917
2022-06-21,7330,7890,7250,7700,343978
2022-06-22,7780,7900,7490,7490,327812
2022-06-23,7640,7640,7100,7180,311727
2022-06-24,7150,7420,7150,7420,224327
2022-06-27,7510,7950,7490,7900,386965
2022-06-28,7930,8350,7870,8330,566892
2022-06-29,8200,8370,8140,8260,305366
2022-06-30,8230,8480,8150,8170,326762
2022-07-01,8200,8300,7850,7950,299306
2022-07-04,8030,8130,7640,7780,239843
2022-07-05,7800,7950,7630,7930,199470
2022-07-06,7920,7940,7590,7820,281680
2022-07-07,7870,8310,7820,8230,307615
2022-07-08,8270,8370,8100,8130,166695
2022-07-11,8180,8380,8100,8200,288045
2022-07-12,8100,8260,7990,8010,202487
2022-07-13,8120,8960,8110,8890,1690227
2022-07-14,8890,8970,8750,8780,573758
2022-07-15,8800,8820,8270,8670,775314
2022-07-18,8670,8830,8500,8790,347291
2022-07-19,8740,9210,8650,8970,948135
2022-07-20,9100,9120,8850,8860,339125
2022-07-21,8860,9040,8730,8850,363372
2022-07-22,8870,8900,8650,8670,254674
2022-07-25,8660,9020,8660,8810,321928
2022-07-26,8750,8800,8590,8680,152704
2022-07-27,8680,8750,8560,8580,121174
2022-07-28,8630,8720,8480,8560,160969
2022-07-29,8600,8920,8580,8890,240330
2022-08-01,9030,9140,8790,8840,272100
2022-08-02,8820,8950,8650,8710,190791
2022-08-03,8710,9300,8710,9260,874986
2022-08-04,9340,9600,9230,9410,782419
2022-08-05,9450,9450,9040,9090,401076
2022-08-08,9090,9160,8930,9030,268927
2022-08-09,9080,9090,8700,8860,377621
2022-08-10,8840,8950,8650,8650,208689
2022-08-11,8750,8890,8660,8670,205491
2022-08-12,8680,8960,8580,8900,271633
2022-08-16,8970,9010,8780,8980,216331
2022-08-17,8920,9290,8880,9190,686710
2022-08-18,9120,9170,8860,9100,368014
2022-08-19,9080,9290,8880,8900,416511
2022-08-22,8750,8790,8590,8590,229893
2022-08-23,8510,8780,8430,8580,162720
2022-08-24,8630,8740,8250,8300,374887
2022-08-25,8320,8460,8300,8380,146348
2022-08-26,8430,8540,8330,8500,128649
2022-08-29,8200,8280,8060,8090,219516
2022-08-30,8090,8600,8090,8590,285260
2022-08-31,8570,8770,8480,8630,312203
2022-09-01,8540,8590,8290,8300,206192
2022-09-02,8360,8760,8360,8570,274389
2022-09-05,8510,8800,8510,8580,266753
2022-09-06,8590,9070,8580,9000,658234
2022-09-07,9010,9170,8820,9000,359575
2022-09-08,9000,9030,8830,8880,262643
2022-09-13,9030,9130,8880,9100,263870
2022-09-14,8820,8920,8780,8850,230510
2022-09-15,8950,9000,8700,8820,210804
2022-09-16,8700,9280,8680,9040,610233
2022-09-19,9170,9170,8730,8940,256002
2022-09-20,9010,9430,9010,9340,657525
2022-09-21,9340,9420,9030,9060,350052
2022-09-22,8890,8900,8570,8850,333759
2022-09-23,8800,8920,8560,8560,300595
2022-09-26,8310,8400,7870,7880,404663
2022-09-27,7840,7980,7590,7810,259809
2022-09-28,7680,7830,7210,7320,257152
2022-09-29,7390,7620,7360,7360,212051
2022-09-30,7200,7340,7060,7140,194643
2022-10-04,7220,7430,7220,7310,170518
2022-10-05,7480,7500,7040,7090,161450
2022-10-06,7120,7320,7110,7280,110806
2022-10-07,7200,7260,7110,7120,105961
2022-10-11,6910,6950,6460,6500,335434
2022-10-12,6420,6650,6420,6540,112332
2022-10-13,6490,6520,6160,6190,141710
2022-10-14,6390,6700,6300,6630,165360
2022-10-17,6490,7030,6360,6950,187786
2022-10-18,7140,7230,7000,7120,199824
2022-10-19,7130,7400,7070,7120,173827
2022-10-20,7120,7200,6980,7060,76267
2022-10-21,7090,7190,6950,7120,80841
2022-10-24,7250,7310,7010,7060,100508
2022-10-25,7110,7250,7040,7080,45179
2022-10-26,7150,7150,6880,6880,100613
2022-10-27,6900,7060,6900,6980,29577
2022-10-28,6960,7200,6940,7050,82095
2022-10-31,7160,7170,7000,7130,50027
2022-11-01,7160,7260,7050,7230,91787
2022-11-02,7240,7240,7080,7110,66107
2022-11-03,6970,7240,6960,7190,68611
2022-11-04,7170,7190,7090,7160,41565
2022-11-07,7160,7450,7160,7370,178392
2022-11-08,7400,7820,7400,7660,230431
2022-11-09,7710,7920,7680,7680,202405
2022-11-10,7660,7750,7580,7740,87477
2022-11-11,7950,7960,7660,7740,143883
2022-11-14,7770,7980,7740,7910,170135
2022-11-15,8070,9190,8050,8900,2461455
2022-11-16,9000,9380,8870,8950,1029455
2022-11-17,9030,9120,8910,9000,324294
2022-11-18,8990,9030,8790,8910,215614
2022-11-21,9020,9120,8700,8820,260980
2022-11-22,8800,8920,8770,8880,142641
2022-11-23,8940,9000,8820,8870,184157
2022-11-24,8950,8980,8640,8730,172371
2022-11-25,8740,8770,8510,8670,160880
2022-11-28,8630,8750,8370,8700,188924
2022-11-29,8690,9210,8660,9160,506030
2022-11-30,9160,9380,9110,9260,364128
2022-12-01,9390,9390,9220,9300,220001
2022-12-02,9310,9500,9150,9400,375108
2022-12-05,9480,10000,9380,9590,765824
2022-12-06,9480,9950,9290,9300,514756
2022-12-07,9200,9530,9080,9370,206140
2022-12-08,9370,9640,9170,9600,288662
2022-12-09,9700,9890,9340,9360,286939
2022-12-12,9450,9450,9180,9320,115521
2022-12-13,9320,9360,8920,8970,223828
2022-12-14,8970,9120,8970,9090,120078
2022-12-15,9050,9450,9010,9350,141971
2022-12-16,9120,9250,8880,8910,192615
2022-12-19,8820,8830,8450,8630,208838
2022-12-20,8580,8580,8350,8550,115412
2022-12-21,8550,8640,8430,8480,66930
2022-12-22,8500,8750,8500,8690,79414
2022-12-23,8570,8570,8180,8190,176569
2022-12-26,8180,8410,8140,8300,156933
2022-12-27,8300,8380,8050,8170,132746
2022-12-28,8100,8220,8000,8150,78721
2022-12-29,8150,8190,7860,7860,194884
2023-01-02,7910,8270,7910,8040,125993
2023-01-03,8070,8130,7750,7930,167121
2023-01-04,7930,8020,7890,7930,62983
2023-01-05,8010,8010,7700,7740,134926
2023-01-06,7730,8310,7730,8100,242108
2023-01-09,8230,8340,8150,8290,146592
2023-01-10,8300,8340,8070,8080,120630
2023-01-11,8180,8680,8140,8570,229352
2023-01-12,8600,8790,8490,8580,151056
2023-01-13,8660,8900,8570,8880,186557
2023-01-16,8880,8880,8660,8730,123365
2023-01-17,8730,8800,8520,8530,222369
2023-01-18,8530,8710,8420,8580,90330
2023-01-19,8530,8650,8420,8580,69337
2023-01-20,8530,8630,8480,8550,46541
2023-01-25,8560,8700,8530,8560,78435
2023-01-26,8570,8840,8560,8820,183155
2023-01-27,8940,8990,8760,8800,121265
2023-01-30,8830,9020,8750,8830,112455
2023-01-31,8800,8920,8740,8840,57081
2023-02-01,8890,8960,8770,8790,81840
2023-02-02,9330,9350,8910,8960,441531
2023-02-03,9000,9100,8880,8990,98227
2023-02-06,8990,9050,8890,8990,93026
2023-02-07,8990,9030,8810,8810,119271
2023-02-08,8900,9120,8850,9100,134100
2023-02-09,9120,9220,9080,9140,88621
2023-02-10,9190,9200,8910,8930,86167
2023-02-13,9200,9470,9100,9100,389704
2023-02-14,9130,9330,9000,9230,177896
2023-02-15,9310,9390,9020,9030,164574
2023-02-16,9130,9410,8990,9410,278596
2023-02-17,9330,9850,9300,9570,445491
2023-02-20,9650,9720,9360,9390,183685
2023-02-21,9460,9500,9250,9490,162664
2023-02-22,9410,9980,9350,9740,545683
2023-02-23,9800,11650,9780,11200,5353207
2023-02-24,11080,11270,10560,10730,881998
2023-02-27,10660,11350,10390,11350,1129960
2023-02-28,11330,11370,10840,11070,405887
2023-03-02,11190,12000,11080,11480,888169
2023-03-03,11780,12300,11610,11830,738103
2023-03-06,11890,12300,11840,11890,434606
2023-03-07,11910,12150,11730,11840,271894
2023-03-08,11800,13800,11690,12980,2371527
2023-03-09,12950,13700,12680,12680,1035793
2023-03-10,12450,12640,11950,12170,359209
2023-03-13,12140,12260,11380,12070,423290
2023-03-14,11950,12320,11400,11620,338334
2023-03-15,11780,12610,11770,12460,399717
2023-03-16,12360,12360,11610,11880,447260
2023-03-17,12000,12200,11530,11620,311101
2023-03-20,11510,11630,11060,11500,254573
2023-03-21,11660,11660,11250,11520,235851
2023-03-22,11760,12100,11600,11760,317770
2023-03-23,11650,11980,11460,11600,244221
2023-03-24,11620,11730,11250,11250,254620
2023-03-27,11260,11500,11060,11400,248984
2023-03-28,11460,11850,11330,11740,225366
2023-03-29,11800,12550,11620,12550,497247
2023-03-30,12650,13640,12600,13260,1027774
2023-03-31,13300,13880,13050,13670,474885
2023-04-03,13900,14000,13300,13460,429623
2023-04-04,13530,14520,13530,13850,609187
2023-04-05,13910,13980,13370,13710,213190
2023-04-06,13570,13960,13250,13340,240626
2023-04-07,13340,14090,13100,13850,288824
2023-04-10,13860,14770,13430,14300,463540
2023-04-11,14450,14970,13570,14310,747291
2023-04-12,14600,16990,14320,15290,2484031
2023-04-13,15000,15160,14160,14450,770843
2023-04-14,14730,14740,14080,14130,381222
2023-04-17,14130,14400,13600,14240,375346
2023-04-18,13950,14380,13620,13880,473522
2023-04-19,13980,14760,13880,14590,399541
2023-04-20,14440,14440,13940,13960,361230
2023-04-21,13870,14040,13250,13740,339256
2023-04-24,13700,14900,13690,14780,634624
2023-04-25,15000,15510,14220,15510,919456
2023-04-26,15420,15680,14820,14930,631588
2023-04-27,15230,16350,14930,14990,955740
2023-04-28,14900,15150,14480,14890,351270
2023-05-02,14900,15490,14900,15300,266461
2023-05-03,15110,15450,14810,14880,223966
2023-05-04,14900,14930,14550,14850,181014
2023-05-08,19000,19300,15180,15260,9403232
2023-05-09,15590,19280,15260,17110,10134090
2023-05-10,17120,17650,16320,17200,2322830
2023-05-11,17000,21450,16740,19590,10119252
2023-05-12,20900,22850,19320,19750,6826658
2023-05-15,19650,21850,19650,20250,4128343
2023-05-16,21850,22350,19000,19390,2794217
2023-05-17,19390,21150,19220,20800,2532846
2023-05-18,20600,20950,19680,20550,1146603
2023-05-19,20750,21000,19210,19910,1271353
2023-05-22,19760,20150,19410,20000,667910
2023-05-23,19940,20300,19190,19190,720162
2023-05-24,18980,19400,18870,19150,470201
2023-05-25,19040,19040,18490,18640,434739
2023-05-26,18650,19220,18450,19070,509235
2023-05-30,18980,19450,18220,18700,530831
2023-05-31,18640,19380,18540,19200,476181
2023-06-01,19040,19810,19040,19610,658054
2023-06-02,19530,19590,19120,19410,385648
2023-06-05,19450,19890,19450,19800,409247
2023-06-07,19800,19800,18540,18540,620571
2023-06-08,18550,18780,18450,18640,204538
2023-06-09,18650,18790,17970,18010,389350
2023-06-12,17990,18120,17710,17930,284027
2023-06-13,18010,18150,17670,17840,242048
2023-06-14,17800,18280,17430,17620,316277
2023-06-15,17620,17700,17120,17310,266961
2023-06-16,17270,17470,17150,17340,190351
2023-06-19,17150,17310,16900,17200,144167
2023-06-20,17220,17250,16890,17040,222169
2023-06-21,17200,18220,17200,18080,659312
2023-06-22,18150,18160,17580,17720,280089
2023-06-23,17850,17850,17100,17190,183592
2023-06-26,16980,18130,16970,17900,288540
2023-06-27,17870,18250,17730,18030,335201
2023-06-28,18130,19100,18000,19080,928878
2023-06-29,19260,19270,18500,18580,422030
2023-06-30,18720,19250,18650,18670,488089
2023-07-03,19000,19100,18420,18890,294694
2023-07-04,18980,20300,18960,20000,1260672
2023-07-05,20600,23750,20200,23700,3424257
2023-07-06,23450,25500,23350,24100,2975011
2023-07-07,24300,25250,22400,22950,1270372
2023-07-10,22600,23900,22450,23450,852133
2023-07-11,23200,23650,22500,23500,575945
2023-07-12,24850,26400,23500,23950,2316004
2023-07-13,24050,25200,23500,24800,878606
2023-07-14,24550,25900,23800,25500,1008009
2023-07-17,27300,29800,25500,26350,2903296
2023-07-18,26050,29400,26000,27350,3111155
2023-07-19,27550,27600,25400,26150,906950
2023-07-20,25900,25900,24600,25150,518739
2023-07-21,24500,25950,24300,25350,533702
2023-07-24,25050,26300,24750,25650,564898
2023-07-25,25900,27600,25600,27600,1110281
2023-07-26,27000,27000,23800,24450,1359881
2023-07-27,25000,25550,22800,23350,744613
2023-07-28,22850,24750,22850,23950,569168
2023-07-31,24700,24700,23550,24150,383284
2023-08-01,24300,24350,22900,23400,450988
2023-08-02,23450,23650,22300,22550,440379
2023-08-03,22300,23050,22000,22200,288122
2023-08-04,22000,22750,21500,22350,185079
2023-08-07,21800,22000,19980,20900,692877
2023-08-08,20900,21550,20400,21250,330683
2023-08-09,21000,22050,20550,21700,206758
2023-08-10,21400,21750,20900,21250,200677
2023-08-11,21300,23000,21250,22950,492281
2023-08-14,22800,22900,20950,21100,433930
2023-08-16,19200,19280,15180,15890,4212802
2023-08-17,15800,16230,15300,15770,1651315
2023-08-18,15330,16150,15330,16040,833040
2023-08-21,16000,16250,15410,15630,935851
2023-08-22,15650,15870,15330,15390,521263
2023-08-23,15370,15440,15080,15250,427320
2023-08-24,15360,15490,14940,14990,449079
2023-08-25,14760,15050,14650,14810,310135
2023-08-28,14930,15190,14710,15140,219759
2023-08-29,15200,15680,15190,15420,410516
2023-08-30,15580,16160,15550,15640,518253
2023-08-31,15790,16090,15550,15910,494716
2023-09-01,15960,16170,15250,15330,368716
2023-09-04,15460,15860,15190,15780,265075
2023-09-05,15810,15810,15180,15240,296038
2023-09-06,15200,15440,14960,15080,214805
2023-09-07,15030,15070,14520,14660,273021
2023-09-08,14660,14890,14400,14760,140758
2023-09-11,14820,15110,14770,14940,219625
2023-09-12,15000,15490,14860,14860,417732
2023-09-13,15000,15800,15000,15610,802181
2023-09-14,15700,16180,15260,16050,756643
2023-09-15,16410,17220,16250,16930,1461379
2023-09-18,16900,17210,16170,16190,632571
2023-09-19,16220,16480,15500,15500,452357
2023-09-20,15440,16560,15250,16490,925601
2023-09-21,16640,17160,15960,16090,1016353
2023-09-22,15640,16550,15580,16030,571888
2023-09-25,15850,16770,15810,16280,579744
2023-09-26,16390,16590,15900,16270,321301
2023-09-27,16160,16710,16000,16660,417926
2023-10-04,16450,17120,16300,16490,632676
2023-10-05,16920,16920,15900,15950,377356
2023-10-06,15950,16240,15850,16010,187516
2023-10-10,15980,16050,14580,14750,649641
2023-10-11,15000,15820,15000,15600,435874
2023-10-12,15710,16000,15600,15950,191609
2023-10-13,15900,16200,15260,15450,270542
2023-10-16,15160,15590,15090,15360,173974
2023-10-17,15390,15690,15040,15190,217533
2023-10-18,15130,16070,15130,15720,358341
2023-10-19,15500,15500,14850,14920,297311
2023-10-20,14590,14610,13740,13840,437096
2023-10-23,13710,14680,13710,14400,337791
2023-10-24,14400,14680,13820,14500,238009
2023-10-25,14500,14640,14110,14220,165236
2023-10-26,13750,14070,13660,13780,220176
2023-10-27,13780,14770,13780,14530,342330
2023-10-30,14670,14670,13950,14400,205881
2023-10-31,14580,14810,13990,14250,205795
2023-11-01,14300,14560,14250,14310,121896
2023-11-02,14530,14850,14490,14750,178380
2023-11-03,14850,14930,14430,14780,178304
2023-11-06,14980,15100,14730,15090,286846
2023-11-07,15180,15180,14540,14910,192570
2023-11-08,14920,15160,14770,14780,127359
2023-11-09,14780,14930,14550,14740,88060
2023-11-10,14510,14580,14260,14340,111310
2023-11-13,14520,14660,14060,14060,117105
2023-11-14,14110,15000,14110,15000,325278
2023-11-15,16020,17930,15840,16810,3587700
2023-11-16,17160,17590,16950,17310,1092363
2023-11-17,17490,17630,16800,16950,490350
2023-11-20,16860,16980,16460,16680,324347
2023-11-21,16830,17070,16690,16730,328413
2023-11-22,16630,16930,16400,16830,248248
2023-11-23,16930,16950,16300,16400,255806
2023-11-24,16450,17770,16430,17500,809994
2023-11-27,17500,17660,17280,17380,368511
2023-11-28,17380,17700,16950,17460,320366
2023-11-29,17830,17860,17020,17060,339633
2023-11-30,17170,17260,16900,17260,240123
2023-12-01,17100,17170,16410,16450,364216
2023-12-04,16620,16620,15680,15710,338766
2023-12-05,15790,15960,15260,15400,237791
2023-12-06,15410,15530,15130,15350,176134
2023-12-07,15330,15340,15030,15060,183036
2023-12-08,15110,15310,14930,15160,172408
2023-12-11,15280,15430,15110,15130,178012
2023-12-12,15190,15190,14800,14860,258371
2023-12-13,14760,14900,14490,14750,299364
2023-12-14,14930,15090,14680,14980,262563
2023-12-15,15220,16360,15130,15850,1120604
2023-12-18,15900,16020,15640,16000,249775
2023-12-19,15860,15990,15630,15660,205353
2023-12-20,15790,17240,15740,17120,1066418
2023-12-21,17050,18650,16970,17800,2548126
2023-12-22,18100,18360,17730,18200,753745
2023-12-26,18300,18310,17700,18040,380050
2023-12-27,17960,18190,17630,18090,300163
2023-12-28,18090,19500,18070,19180,1100711
2024-01-02,19150,19450,18790,19410,375008
2024-01-03,19170,19550,18550,18570,447047
2024-01-04,18290,18300,17650,18030,422411
2024-01-05,18040,18250,17710,17990,241692
2024-01-08,17990,18180,17600,17740,218137
2024-01-09,17880,18010,17430,17680,234738
2024-01-10,17680,18050,17570,17920,221979
2024-01-11,17880,18300,17800,18000,266573
2024-01-12,17910,17950,17150,17360,244482
2024-01-15,17250,17600,16950,17500,173500
2024-01-16,17460,17480,16990,17170,134408
2024-01-17,17160,17160,16330,16350,262381
2024-01-18,16220,16480,15940,16220,221785
2024-01-19,16450,16710,15960,16130,222212
2024-01-22,16130,16230,15570,15700,310527
2024-01-23,15690,16220,15640,16190,325488
2024-01-24,16190,16600,15800,16580,328697
2024-01-25,16570,16990,16340,16890,483895
2024-01-26,16940,16940,16540,16610,288934
2024-01-29,16630,17110,16420,17070,285769
2024-01-30,17500,17860,16600,16770,711575
2024-01-31,16770,17180,16300,16890,395218
2024-02-01,16830,18320,16730,18000,1795186
2024-02-02,18830,23150,18500,22450,17999106
2024-02-05,23350,24400,22450,23100,11495989
2024-02-06,22500,23100,21650,21950,3539256
2024-02-07,23750,25000,22350,22550,10680976
2024-02-08,21950,22950,21550,22050,2305835
2024-02-13,21750,22900,21600,22000,2317246
2024-02-14,21650,22600,21650,21850,1113070
2024-02-15,22150,22350,20800,21100,901901
2024-02-16,21250,21550,20550,21500,747954
2024-02-19,21400,21700,20550,20850,554278
2024-02-20,20750,21100,20050,20450,604716
2024-02-21,20300,20650,19750,19900,531606
2024-02-22,19990,20300,19590,20100,605912
2024-02-23,20200,20250,19360,19610,512455
2024-02-26,19550,20550,19070,20300,1133865
2024-02-27,20100,20150,19020,19090,523761
2024-02-28,19100,19650,18950,19470,507266
2024-02-29,19530,20150,19410,19780,522700
2024-03-04,20100,20550,19910,19920,540208
2024-03-05,19920,19960,19190,19600,364383
2024-03-06,19420,19820,19230,19480,294713
2024-03-07,19480,19480,18950,19030,360804
2024-03-08,19120,19400,18700,19180,373250
2024-03-11,19000,19080,18500,18530,285936
2024-03-12,18610,19150,18610,19090,295399
2024-03-13,19160,19640,18840,19610,401712
2024-03-14,19700,20450,19490,19890,1092451
2024-03-15,19950,20300,19640,20100,450217
2024-03-18,20150,20200,19550,19980,331689
2024-03-19,19780,19890,19120,19400,294455
2024-03-20,19460,19700,19330,19380,203546
2024-03-21,19500,20250,19500,20150,589531
2024-03-22,20550,20600,19780,19990,427145
2024-03-25,19990,20050,19490,19800,281918
2024-03-26,19680,19950,19500,19700,325326
2024-03-27,19670,19750,19150,19300,317711
2024-03-28,19330,19380,18640,18640,354251
2024-03-29,18600,18880,18540,18870,195522
2024-04-01,18870,19110,18580,19000,195264
2024-04-02,19040,19040,18320,18320,212732
2024-04-03,18150,18280,17640,17650,248049
2024-04-04,17730,18440,17650,18400,212727
2024-04-05,18100,18620,17960,18200,155768
2024-04-08,18200,18640,18080,18130,174172
2024-04-09,18130,18620,18030,18080,152190
2024-04-11,17910,18260,17220,18230,182902
2024-04-12,18260,18350,17890,18160,169785
2024-04-15,17800,18500,17600,18130,219903
2024-04-16,17760,18260,17660,17850,154973
2024-04-17,17850,18030,17230,17230,163139
2024-04-18,17200,17470,17150,17360,148203
2024-04-19,17350,17470,16450,16610,262284
2024-04-22,16610,18190,16610,17790,364428
2024-04-23,17920,18600,17900,18520,408452
2024-04-24,18540,18540,18240,18410,167072
2024-04-25,18410,18760,18210,18240,165638
2024-04-26,18390,18450,17980,18190,162821
2024-04-29,18200,18660,18110,18600,195405
2024-04-30,18720,18750,18390,18460,137738
2024-05-02,18600,18840,18520,18640,213681
2024-05-03,18690,18700,18070,18280,251988
2024-05-07,18470,18590,18240,18500,170116
2024-05-08,18420,18890,18420,18770,200609
2024-05-09,18680,18770,18250,18540,201562
2024-05-10,18550,18600,18220,18600,161225
2024-05-13,18710,18920,18540,18720,207761
2024-05-14,18630,18670,18310,18500,169794
2024-05-16,18630,18680,18350,18550,200899
2024-05-17,18420,18420,17650,17800,393017
2024-05-20,17740,17960,17290,17800,216731
2024-05-21,17800,17810,17300,17610,206272
2024-05-22,17610,18400,17480,18270,419650
2024-05-23,18200,18260,17710,17910,253496
2024-05-24,17770,18380,17670,17850,271796
2024-05-27,17850,17850,17320,17610,250731
2024-05-28,17900,18390,17710,17890,444030
2024-05-29,17970,18020,17480,17690,211908
2024-05-30,17510,17630,17270,17400,154315
2024-05-31,17260,17460,16710,16710,410925
2024-06-03,16860,17590,16850,17390,298744
2024-06-04,17600,17600,17170,17360,158065
2024-06-05,17370,17420,17080,17390,253908
2024-06-07,17390,17430,17110,17110,202519
2024-06-10,17030,17170,16890,17110,196324
2024-06-11,17110,17170,16860,16860,189548
2024-06-12,16980,18400,16880,17670,962795
2024-06-13,17800,18640,17730,18510,972585
2024-06-14,18670,19340,18350,18650,936749
2024-06-17,19660,21400,19550,20900,6116332
2024-06-18,21000,21250,20250,20400,1375093
2024-06-19,20450,21950,20000,21000,2277350
2024-06-20,21250,21700,20850,21000,858852
2024-06-21,21600,21800,19750,20500,1108724
2024-06-24,20300,21100,20050,20450,423926
2024-06-25,20600,22450,20500,21550,2477675
2024-06-26,21350,22150,21100,22100,830017
2024-06-27,22100,23200,21550,21950,1313874
2024-06-28,22200,22250,21400,21500,476441
2024-07-01,21450,21950,20550,20700,526136
2024-07-02,20550,20600,18910,19250,1094917
2024-07-03,19290,19690,18670,18900,489726
2024-07-04,19020,19280,18750,18900,267025
2024-07-05,19010,19190,18360,18370,412187
2024-07-08,18400,18820,18180,18400,307796
2024-07-09,18550,18550,17970,18210,324255
2024-07-10,18230,18510,17800,17920,483238
2024-07-11,17950,18100,17820,17880,226027
2024-07-12,17950,18070,17460,17600,301136
2024-07-15,17680,17900,17500,17900,137063
2024-07-16,17940,18310,17840,18010,442897
2024-07-17,18190,18190,17500,17500,287595
2024-07-18,17290,17350,17050,17220,217115
2024-07-19,17130,17340,16940,17250,143060
2024-07-22,17270,17490,16830,16920,176187
2024-07-23,17080,17290,16980,17130,133752
2024-07-24,17040,17060,16580,16630,193080
2024-07-25,16220,16570,16070,16200,180779
2024-07-26,16100,16230,15630,16140,207365
2024-07-29,16050,16720,16050,16500,149494
2024-07-30,16450,16560,16140,16150,94203
2024-07-31,15970,16340,15970,16340,122911
2024-08-01,16360,16670,16280,16280,105177
2024-08-02,15980,16000,15380,15440,208992
2024-08-05,14960,15000,12610,13150,465790
2024-08-06,13150,14460,13150,14090,472822
2024-08-07,14000,14650,14000,14350,214808
2024-08-08,14100,14450,14060,14190,117504
2024-08-09,14600,14830,14410,14410,167101
2024-08-12,14450,15130,14450,14860,209102
2024-08-13,14730,15870,14510,14860,889287
2024-08-14,15100,15400,14980,15280,245114
2024-08-16,15550,15650,15270,15300,262690
2024-08-19,15400,16070,15360,15430,333096
2024-08-20,15540,15790,15450,15640,132768
2024-08-21,15650,15720,15170,15270,168563
2024-08-22,15320,15350,14730,14850,205272
2024-08-23,14660,15030,14620,14910,137441
2024-08-26,15000,15170,14640,14680,127903
2024-08-27,14670,14750,14400,14630,195320
2024-08-28,14630,15000,14460,15000,184124
2024-08-29,14800,15140,14450,14480,235687
2024-08-30,14540,14880,14490,14770,142248
2024-09-02,14770,14800,14260,14350,158276
2024-09-03,14390,14440,14110,14130,190344
2024-09-04,13660,13980,13270,13280,286178
2024-09-05,13400,13680,12950,13060,269891
2024-09-06,12990,13090,12640,12850,170829
2024-09-09,12610,12970,12470,12920,122208
2024-09-10,13060,13110,12720,12740,113128
2024-09-11,12740,12840,12550,12570,102369
2024-09-12,12710,13600,12710,13600,184417
2024-09-13,13880,14020,13480,13550,261025
2024-09-19,13670,13970,13550,13900,163436
2024-09-20,14100,14250,14020,14060,154860
2024-09-23,14080,14090,13960,13960,66510
2024-09-24,14000,14530,13940,14390,147402
2024-09-25,15400,15790,14300,14330,589430
2024-09-26,14380,14520,14310,14480,149295
2024-09-27,14520,14580,14320,14320,107516
2024-09-30,14330,14430,14250,14370,89837
2024-10-02,14150,14340,13960,14130,92623
2024-10-04,14100,14270,13850,14050,116136
2024-10-07,14360,15000,14310,14450,263699
2024-10-08,14400,14440,14270,14300,65272
2024-10-10,14600,14880,14440,14480,176013
2024-10-11,14450,14780,14400,14720,200806
2024-10-14,15140,15330,14830,15110,453637
2024-10-15,15060,15200,14840,14900,160991
2024-10-16,14790,15080,14790,14820,164994
2024-10-17,15050,15050,14100,14200,308499
2024-10-18,14300,14480,13960,14020,115691
2024-10-21,14050,14460,14030,14420,89075
2024-10-22,14290,14370,13670,13750,158096
2024-10-23,13760,14000,13690,13970,74234
2024-10-24,13900,13970,13270,13430,157354
2024-10-25,13550,13550,13260,13310,97196
2024-10-28,13310,13540,13220,13500,62952
2024-10-29,13500,15460,13180,14000,2349326
2024-10-30,13980,13990,13750,13770,181700
2024-10-31,13570,13930,13570,13700,123389
2024-11-01,13500,13740,13470,13560,78800
2024-11-04,13560,13880,13520,13870,84495
2024-11-05,13840,13950,13720,13840,64849
2024-11-06,13900,13910,13360,13370,143335
2024-11-07,13360,13490,13050,13390,105382
2024-11-08,13390,13540,13170,13180,83076
2024-11-11,13210,13270,12870,13150,108231
2024-11-12,13020,13140,12500,12500,245476
2024-11-13,12380,12530,11900,11950,201679
2024-11-14,11930,12140,11820,11820,157637
2024-11-15,11810,11980,11400,11860,225202
2024-11-18,11800,12410,11750,12370,99738
2024-11-19,12370,12460,12180,12260,66399
2024-11-20,12260,12490,12240,12410,76639
2024-11-21,12300,12420,12250,12270,60221
2024-11-22,12240,12400,12200,12280,69210
2024-11-25,12350,12530,12280,12530,77356
2024-11-26,12530,12560,12350,12470,47709
2024-11-27,12450,12500,12080,12140,132460
2024-11-28,12500,12680,12210,12340,168926
2024-11-29,12270,12340,11990,11990,128413
2024-12-02,11930,12110,11560,11590,180814
2024-12-03,11590,11810,11500,11770,99369
2024-12-04,11470,11710,11360,11520,157668
2024-12-05,11500,11550,11280,11310,103141
2024-12-06,11210,11330,10780,11050,199109
2024-12-09,10800,10890,10290,10290,228582
2024-12-10,10310,11260,10310,11240,160475
2024-12-11,11240,11690,11190,11680,110150
2024-12-12,11710,11890,11670,11810,137687
2024-12-13,11780,11990,11740,11860,60489
2024-12-16,11990,12040,11860,11870,65518
2024-12-17,11850,11960,11770,11890,64419
2024-12-18,11870,12530,11870,12310,137764
2024-12-19,12070,12170,11940,12110,64039
2024-12-20,12050,12110,11660,11850,90708
2024-12-23,11870,12080,11800,12000,56308
2024-12-24,12050,12170,11900,11910,53854
2024-12-26,11950,12230,11870,12100,72573
2024-12-27,11900,12010,11500,11650,95196
2024-12-30,11430,11910,11370,11770,102768
2025-01-02,11780,12060,11770,12050,67255
2025-01-03,12050,12300,11670,12200,93398
2025-01-06,12200,12390,12120,12250,83740
2025-01-07,12240,12460,12060,12110,123946
2025-01-08,12110,12630,12030,12410,156772
2025-01-09,12450,13680,12390,13210,579113
2025-01-10,13180,13580,13050,13190,242740
2025-01-13,13060,13180,12650,12750,159396
2025-01-14,12680,14000,12680,13850,402927
2025-01-15,13850,13850,13400,13400,234797
2025-01-16,13500,13590,13150,13310,129556
2025-01-17,13200,13300,13060,13180,90289
2025-01-20,13200,13310,13020,13020,78364
2025-01-21,13080,13560,12840,12990,136798
2025-01-22,12950,13080,12860,13050,104308
2025-01-23,12950,12970,12650,12710,131062
2025-01-24,12720,12910,12600,12710,68059
2025-01-31,12650,12740,12460,12610,72058
2025-02-03,12340,12490,11700,11770,191732
2025-02-04,12010,12230,11860,11890,100869
2025-02-05,12010,12420,12000,12320,86367
2025-02-06,12370,12400,12210,12220,59865
2025-02-07,12280,12510,12180,12380,75343
2025-02-10,12370,12370,11920,12190,87388
2025-02-11,12190,12310,12000,12070,108577
2025-02-12,12060,12110,11860,11880,121738
2025-02-13,12110,12980,12110,12620,506756
2025-02-14,12430,12580,12250,12400,144528
2025-02-17,12160,12300,12040,12200,99099
2025-02-18,12260,12290,12050,12250,81921
2025-02-19,12180,12570,12170,12430,119582
2025-02-20,12450,12450,12190,12240,89214
2025-02-21,12900,13000,12420,12720,389125
2025-02-24,12510,12960,12490,12860,131932
2025-02-25,12800,13810,12670,13220,659926
2025-02-26,13120,13410,13080,13300,118471
2025-02-27,13350,13380,12950,13000,105848
2025-02-28,12860,13150,12600,12610,130484
2025-03-04,12410,12790,12300,12500,91220
2025-03-05,12510,12880,12510,12790,97296
2025-03-06,13150,13270,12840,12880,191999
2025-03-07,12750,13000,12660,12860,93169
2025-03-10,12850,13110,12720,12910,80737
2025-03-11,12730,12730,12400,12630,121229
2025-03-12,12650,12700,12450,12540,116551
2025-03-13,12540,12980,12540,12540,119375
2025-03-14,12520,12950,12500,12740,104766
2025-03-17,12740,13080,12670,12720,70056
2025-03-18,12710,12840,12710,12720,73579
2025-03-19,12700,13450,12590,13180,383005
2025-03-20,13300,13320,12930,12970,131072
2025-03-21,12990,13120,12700,12780,132884
2025-03-24,12820,13660,12700,13520,538046
2025-03-25,14850,14850,13520,13800,1217222
2025-03-26,13880,14110,13700,13740,345489
2025-03-27,13370,13550,13100,13300,216067
2025-03-28,13040,13140,12800,12900,209476
2025-03-31,12600,12690,12320,12320,128574
2025-04-01,12330,12660,12270,12580,72269
2025-04-02,12590,12730,12350,12440,50573
2025-04-03,12000,12220,11870,12060,146759
2025-04-04,11740,12140,11620,11910,179801
2025-04-07,11500,11500,10720,10740,179569
2025-04-08,11010,11010,10670,10750,120575
2025-04-09,10540,10760,10390,10430,128236
2025-04-10,11060,11170,10890,11100,68972
2025-04-11,11000,11000,10620,10900,78542
2025-04-14,10940,11050,10840,10960,80133
2025-04-15,11840,11950,11410,11460,205695
2025-04-16,11380,11420,11030,11060,80044
2025-04-17,11000,11330,11000,11240,50736
2025-04-18,11260,11480,11150,11450,69555
2025-04-21,11460,11480,11270,11290,58235
2025-04-22,11190,11330,11190,11260,51557
2025-04-23,11500,11700,11420,11690,97293
2025-04-24,12000,12000,11610,11780,106324
2025-04-25,11930,12010,11790,11960,118093
2025-04-28,11970,12050,11710,11740,53498
2025-04-29,12080,12150,11800,12000,79859
2025-04-30,12150,12150,11780,11800,63162
2025-05-02,11700,11850,11670,11790,34813
2025-05-07,11800,11840,11580,11720,71832
2025-05-08,11630,11840,11630,11760,67677
2025-05-09,11890,12020,11750,11760,62466
2025-05-12,11970,12090,11820,12090,90944
2025-05-13,12220,12220,11980,11980,56129
2025-05-14,12120,12120,11880,11950,84269
2025-05-15,11950,12010,11740,11750,78087
2025-05-16,11620,11660,11200,11260,189211
2025-05-19,11160,11270,11080,11180,70618
2025-05-20,11250,11390,11250,11320,44622
2025-05-21,11340,11460,11230,11380,62545
2025-05-22,11320,11320,11050,11100,86280
2025-05-23,11150,11150,10820,10820,90959
2025-05-26,10850,11060,10820,10940,68508
2025-05-27,10910,11000,10700,10790,98849
2025-05-28,10870,11130,10870,11090,59683
2025-05-29,11290,12070,11250,11860,280848
2025-05-30,11620,11680,11400,11470,59766
2025-06-02,11390,11420,11170,11210,73528
2025-06-04,11390,11680,11300,11670,105533
2025-06-05,11790,12330,11670,11980,146821
2025-06-09,12190,12640,12170,12410,123027
2025-06-10,12670,12670,12200,12280,79585
2025-06-11,12310,12510,12270,12470,81156
2025-06-12,12460,12610,12360,12500,63368
2025-06-13,12380,12410,11890,12000,150312
2025-06-16,11860,12480,11750,12390,99514
2025-06-17,12500,12850,12350,12490,108568
2025-06-18,12410,12480,12210,12360,73409
2025-06-19,12430,12580,12250,12430,51392
2025-06-20,12410,12500,12290,12370,78418
2025-06-23,12130,12190,11870,12000,82074
2025-06-24,12250,12630,12220,12500,117503
2025-06-25,12610,13120,12550,12730,195995
2025-06-26,12880,12880,12320,12360,83095
2025-06-27,12380,12430,12100,12140,79692
2025-06-30,12120,12180,11900,11940,81930
2025-07-01,11900,12630,11900,12450,147442
2025-07-02,12700,12700,12160,12400,74282
2025-07-03,12500,12650,12370,12590,66655
2025-07-04,12650,12810,12350,12360,73852
2025-07-07,12350,12360,12070,12110,45016
2025-07-08,12000,12310,12000,12230,56257
2025-07-09,12270,12390,12120,12320,84501
2025-07-10,12370,12560,12340,12500,54788
2025-07-11,12550,12710,12490,12530,53567
2025-07-14,12540,13280,12430,13120,182516
2025-07-15,13060,13120,12880,12970,137970
2025-07-16,12970,12980,12610,12700,88944
2025-07-17,12710,12830,12500,12780,59967
2025-07-18,12750,12900,12580,12790,58688
2025-07-21,12790,12840,12500,12590,45341
2025-07-22,12630,12690,12190,12250,92644
2025-07-23,12530,13350,12500,13100,436589
2025-07-24,12850,13120,12640,12670,141596
2025-07-25,12600,12750,12430,12490,99722
2025-07-28,12740,12820,12420,12550,71182
2025-07-29,12550,12640,12260,12500,54406
2025-07-30,12490,13350,12490,13150,294348
2025-07-31,13590,13630,12280,12410,418892
2025-08-01,12250,12350,11920,11980,184960
2025-08-04,11810,11960,11770,11870,100901
2025-08-05,12060,12200,11870,12010,56169
2025-08-06,12030,12110,11940,12070,55002
2025-08-07,12230,12270,12120,12240,37326
2025-08-08,12200,12360,12060,12180,69684
2025-08-11,12220,12280,12100,12170,70789
2025-08-12,12190,12330,12090,12090,78233
2025-08-13,12150,12260,12100,12160,64425
2025-08-14,12170,12350,12100,12140,51848
2025-08-18,12100,12140,11820,11900,47766
2025-08-19,11970,12050,11820,11970,32544
2025-08-20,11790,11980,11610,11960,59209
2025-08-21,11900,12240,11900,12100,76928
2025-08-22,12160,12290,11930,11990,70348
2025-08-25,12030,12130,11760,11910,85665
2025-08-26,11900,11960,11800,11840,40455
2025-08-27,11850,11920,11750,11780,36318
2025-08-28,11840,12000,11760,11850,40735
2025-08-29,11800,11980,11720,11730,57106
2025-09-01,11740,11900,11660,11730,36976
2025-09-02,11730,11770,11640,11690,35665
2025-09-03,11650,11980,11580,11820,51559
2025-09-04,11850,11850,11700,11820,18337
2025-09-05,11820,11860,11610,11750,37365
2025-09-08,11720,11720,11460,11630,57796
2025-09-09,11600,11800,11560,11650,50006
2025-09-10,11690,11780,11660,11750,61004
2025-09-11,11770,11970,11650,11780,285361
2025-09-12,11790,11850,11690,11740,59736
2025-09-15,11780,11780,11430,11450,168117
2025-09-16,11500,11510,11360,11370,74306
2025-09-17,11380,11460,11320,11350,43126
2025-09-18,11430,11490,11280,11460,43323
2025-09-19,11460,11480,11110,11200,116045
2025-09-22,11210,11400,11170,11270,48755
2025-09-23,11260,11390,11200,11330,74663
2025-09-24,11260,11340,11120,11180,46425
2025-09-25,11200,11220,11030,11140,58521
2025-09-26,11130,11130,10810,10860,83105
2025-09-29,10850,10900,10810,10840,32986
2025-09-30,10810,10870,10730,10750,86930
2025-10-01,10750,10810,10660,10710,50339
2025-10-02,10740,11220,10740,10960,75784
2025-10-10,10910,11000,10800,10930,49877
2025-10-13,10800,10970,10670,10890,56137
2025-10-14,10910,11210,10910,11110,60287
2025-10-15,11060,11280,11040,11250,35890
2025-10-16,12000,12650,11830,11950,774513
2025-10-17,11860,12330,11830,12110,301867
2025-10-20,12430,12430,12000,12290,218567
2025-10-21,12400,13040,12400,12650,421578
2025-10-22,13270,13450,12740,13440,389770
2025-10-23,13170,13310,12850,12940,190347
2025-10-24,13000,13050,12520,12850,155140
2025-10-27,12860,12980,12640,12730,127692
2025-10-28,12830,12850,12550,12810,116043
2025-10-29,12920,13000,12740,12830,109000
2025-10-30,13920,13970,12720,12800,444694
2025-10-31,12970,13370,12930,13030,213982
2025-11-03,13070,13080,12600,12820,146924
2025-11-04,12670,12740,12320,12330,131642
2025-11-05,12150,12250,11630,11960,179289
2025-11-06,12220,12220,11870,12110,54881
2025-11-07,11780,11980,11540,11690,102961
2025-11-10,11750,12170,11690,12070,75884
2025-11-11,12110,12170,11890,12030,66648
2025-11-12,12040,12290,11950,12180,80124
2025-11-13,12190,12270,12040,12190,57086
2025-11-14,11950,12140,11690,11900,69944
2025-11-17,12390,12440,12060,12360,92467
2025-11-18,12290,12290,11840,11850,85858
2025-11-19,12190,12190,11830,11850,81407
2025-11-20,11960,12090,11850,11960,94884
2025-11-21,11720,11870,11570,11720,55137
2025-11-24,11840,11890,11620,11640,53909
2025-11-25,11750,11870,11610,11620,58787
2025-11-26,11710,12040,11680,12020,38010
2025-11-27,12070,12300,12020,12200,57765
2025-11-28,12370,12680,12210,12490,136158
2025-12-01,12540,12770,12490,12580,79208
2025-12-02,12660,13080,12610,12990,138659
2025-12-03,12990,13270,12950,13180,147006
2025-12-04,13290,13430,13150,13310,118679
2025-12-05,13150,13450,13070,13430,140573
2025-12-08,13630,13630,13160,13300,111274
2025-12-09,13160,13220,12860,13180,89584
2025-12-10,13260,13260,12880,12950,66687
2025-12-11,13010,13040,12770,12870,57193
2025-12-12,12900,13080,12870,12970,45848
2025-12-15,12820,12990,12730,12940,35480
2025-12-16,12940,12990,12580,12590,80969
2025-12-17,12620,13060,12620,12840,60041
2025-12-18,12900,13020,12700,12920,102521
2025-12-19,12990,13140,12810,12920,97166
2025-12-22,13050,13280,12980,13130,163153
2025-12-23,13130,13140,12800,12820,83180
2025-12-24,12920,13050,12800,13020,85519
2025-12-26,13080,13170,12850,12880,117338
2025-12-29,12750,12910,12570,12850,58444
2025-12-30,12900,13180,12880,13000,77674
2026-01-02,13050,13160,12810,13000,101498
2026-01-05,12990,13050,12790,12950,94970
2026-01-06,13050,13280,12810,12870,158505
2026-01-07,12930,13210,12830,12960,159961
2026-01-08,13170,13190,12520,12520,167685
2026-01-09,12700,13600,12600,13570,308508
2026-01-12,13750,13760,13180,13360,234754
2026-01-13,13300,13700,13000,13440,292435
2026-01-14,13660,13860,13400,13540,208560
2026-01-15,13510,14190,13280,14090,455616
2026-01-16,15850,18310,15400,16210,6910487
2026-01-19,17160,17360,16120,16700,2467490
2026-01-20,16650,16650,15510,15590,939529
2026-01-21,14890,16450,14830,16210,1585097
2026-01-22,16500,16680,15450,15570,736288
2026-01-23,15410,15450,14980,15110,374638
2026-01-26,14950,15110,14880,15000,332443
2026-01-27,14450,14880,14410,14830,213988
2026-01-28,15140,15190,14860,14950,216176
2026-01-29,15180,15430,14750,15200,342385
2026-01-30,15490,15490,15070,15070,289366
2026-02-02,14940,15510,14750,14920,310156
2026-02-03,15220,15320,14930,15320,216075
2026-02-04,16040,16250,15680,15850,525799
2026-02-05,15850,15950,15230,15430,347304
2026-02-06,14910,15050,14520,14870,224623
2026-02-09,15140,15530,14950,15140,274053
2026-02-10,15500,15700,15210,15300,194572
2026-02-11,15250,15600,15020,15530,214543
2026-02-12,15840,16040,15500,15800,392511
2026-02-13,15520,15560,15340,15400,155611
2026-02-19,15670,16360,15630,16250,442641
2026-02-20,16650,16900,16490,16690,731724
2026-02-23,16920,17090,16070,16410,409079
2026-02-24,16100,16190,15770,16030,192478
2026-02-25,16220,17170,16210,16700,557879
2026-02-26,17150,17150,16460,16600,359245
2026-02-27,16210,16970,15980,16590,373216
2026-03-03,15940,16100,15000,15000,286827
2026-03-04,14110,14430,12530,12600,380221
2026-03-05,13360,13970,13360,13880,215598
2026-03-06,13510,14140,13420,14010,119359
2026-03-09,13150,13200,12510,12940,180523
2026-03-10,13750,14360,13650,14000,224725
2026-03-11,14790,15340,14410,14560,375578
2026-03-12,14960,15300,14580,15100,190983
2026-03-13,14550,14790,14250,14540,117600
2026-03-16,14430,14430,13830,13990,112680
2026-03-17,14330,14410,13940,13980,82312
2026-03-18,14200,14290,13950,14100,90637
2026-03-19,13840,13840,13600,13610,89485
2026-03-20,13690,14320,13600,14270,110411
2026-03-23,13920,13970,13270,13270,98232
2026-03-24,13810,14110,13550,13760,109185
2026-03-25,14000,14240,13950,14050,60815
2026-03-26,14040,14040,13700,13700,70214
2026-03-27,13360,13800,13290,13780,55449
2026-03-30,13220,13370,12900,13200,62608
2026-03-31,13040,13270,12740,12740,63609
2026-04-01,13190,13540,13140,13450,52469
2026-04-02,13590,13650,12750,12860,112216
2026-04-03,13060,13180,12900,13140,48619
2026-04-06,13190,13190,12400,12980,39020
2026-04-07,13070,13140,12610,12780,59517
2026-04-08,13290,13630,13220,13500,91163
2026-04-09,13550,13550,13090,13160,66278
2026-04-10,13400,13440,13190,13320,52631
2026-04-13,13050,13190,12940,13100,35016
2026-04-14,13400,14500,13290,13550,239159
2026-04-15,13970,14090,13640,13680,115935
2026-04-16,13940,14090,13790,13830,110438
2026-04-17,14000,14050,13740,14020,80420
2026-04-20,14000,14030,13860,13930,56645
2026-04-21,14070,14090,13880,14070,131077
2026-04-22,14480,14500,14090,14490,139433
2026-04-23,14830,14840,14050,14300,123485
2026-04-24,14260,14260,13950,14090,84971
2026-04-27,14170,14320,14060,14240,116253
2026-04-28,14350,14780,14210,14610,186155
2026-04-29,14710,14710,14430,14570,76854
2026-04-30,14730,14730,14110,14110,79724
2026-05-04,14330,14500,14190,14310,84609
2026-05-06,14330,14350,14030,14070,89808
2026-05-07,14270,14570,14070,14090,85836
2026-05-08,14200,15060,14060,14700,355165
2026-05-11,14700,14710,14190,14260,184264
2026-05-12,14550,14950,13740,14020,276934
2026-05-13,13910,14360,13850,14010,84066
2026-05-14,14170,14330,13550,13900,141565
2026-05-15,14220,14380,13130,13390,152314
2026-05-18,13880,13890,13060,13790,91322
2026-05-19,13890,13890,13120,13210,78978
2026-05-20,13100,13190,12630,12810,85341
2026-05-21,13330,14330,13260,14320,176094
2026-05-22,14200,14580,13860,14450,114181
2026-05-26,14560,14790,14000,14100,103139
2026-05-27,13910,14000,13390,13580,107718
2026-05-28,13810,14030,12650,13650,97037
2026-05-29,13750,14010,13420,13550,72029
2026-06-01,13310,13550,12990,13090,103139
2026-06-02,12920,13030,12600,12870,101978
2026-06-04,12600,13120,12600,12810,48747
2026-06-05,12630,12820,12140,12410,88276
2026-06-08,11550,11990,11410,11500,105858
2026-06-09,11510,12110,11510,12000,56896
2026-06-10,11760,12000,11370,11520,67493
2026-06-11,11270,11660,11190,11590,58661
2026-06-12,12010,12430,12010,12290,45998
2026-06-15,12650,12690,12510,12590,31005
2026-06-16,13820,15200,13000,13490,767341
2026-06-17,13350,13350,12870,12930,102491
2026-06-18,12950,12950,12350,12380,87908
2026-06-19,12560,12560,11920,12170,73244
2026-06-22,11720,12160,11610,11690,67049
2026-06-23,11720,11800,10920,10920,106599
2026-06-24,10810,11130,10760,10870,59412
2026-06-25,11000,11140,10730,10730,91274
2026-06-26,10750,10750,10120,10350,74195
2026-06-29,10310,11220,10310,11150,62147
2026-06-30,11110,11270,10870,10950,25385
2026-07-01,10980,11180,10930,11130,34370
2026-07-02,11130,11200,10700,10730,30632
2026-07-03,10870,11490,10600,11460,67044
2026-07-06,11430,11600,11090,11370,27956
2026-07-07,11210,11400,10770,10980,41960
2026-07-08,10700,11380,10620,10790,99186
2026-07-09,10790,10980,10410,10600,37410
2026-07-10,10770,11230,10660,11120,40960
2026-07-13,11260,11410,10700,10750,36698
2026-07-14,10630,10820,10240,10650,95408
2026-07-15,10700,11080,10700,10960,37958
2026-07-16,10900,11270,10780,10920,45118
2026-07-20,10910,10910,10340,10340,34716
2026-07-21,10300,10600,10300,10460,38480
2026-07-22,10690,11120,10540,10560,68505
2026-07-23,10650,11190,10650,11180,62427
2026-07-24,11270,11270,10840,10850,33190
2026-07-27,10900,11060,10770,10840,30163
2026-07-28,10680,10890,10180,10340,41392
2026-07-29,10380,10640,9500,9880,78574
2026-07-30,9390,10220,9390,9820,63035
2026-07-31,10070,10790,10070,10790,85086
2026-08-03,10700,11370,10600,10950,82655
2026-08-04,11160,11390,11130,11330,36907
2026-08-05,11520,12170,11520,12040,121013
2026-08-06,12700,12760,12070,12290,143345
2026-08-07,12190,12330,11840,11990,49704
2026-08-10,11930,12700,11880,12330,72461
2026-08-11,12380,13000,12330,12860,119344
2026-08-12,12830,12830,12560,12580,57541
2026-08-13,12630,12740,12360,12360,64498
2026-08-14,12510,13130,12470,13050,134646
2026-08-18,13050,13050,12320,12420,75791
2026-08-19,12010,12370,11870,12100,33515
2026-08-20,12200,12530,12130,12400,39250
2026-08-21,12350,12350,11910,12070,36874
2026-08-24,12130,12310,12060,12220,24095
2026-08-25,12340,12560,12070,12510,57897
2026-08-26,12520,12580,12300,12350,40133
2026-08-27,12380,12380,12110,12140,34462
2026-08-28,12140,12240,12000,12170,26891
2026-08-31,12140,12270,11790,12260,27253
2026-09-01,12140,12310,12050,12140,32935
2026-09-02,11950,11980,11600,11610,49962
2026-09-03,11670,11740,11150,11490,53462
2026-09-04,11610,11740,11470,11630,14764
2026-09-07,11590,11650,11490,11550,22761
2026-09-08,11530,11560,11250,11250,55424
2026-09-09,11250,11360,11230,11340,19748
2026-09-10,11310,11470,11150,11410,19467
2026-09-11,11410,11430,11220,11360,10387
2026-09-14,11200,11650,11080,11100,20149
2026-09-15,11100,11210,10950,11060,27982
2026-09-16,11120,11130,10910,10950,17551
2026-09-17,10980,11200,10980,11140,13814
2026-09-18,11180,11280,11050,11160,26871
2026-09-21,11140,11170,10950,11050,22839
2026-09-22,11080,11150,10820,10890,26187
2026-09-23,10990,10990,10760,10780,31554
2026-09-28,10910,10990,10810,10960,22518
2026-09-29,10940,10950,10760,10860,30628
2026-09-30,10860,10950,10760,10800,24187
2026-10-01,10950,11100,10910,11010,17504
2026-10-02,11050,11280,10950,11280,29159
2026-10-06,11240,11360,11150,11230,20782
2026-10-07,11250,11270,10970,10970,19922
2026-10-08,10990,11080,10890,11010,23464
