date,open,open,open,high,high,high,low,low,low,close,close,close,volume,volume,volume
2025-10-09,225.6999969482422,293.6499938964844,140.4600067138672,225.6999969482422,295.1199951171875,144.74000549316406,215.89999389648438,292.0400085449219,138.58999633789062,216.0,293.80999755859375,144.7100067138672,12974800,2802700,13706600
2025-10-10,217.0,294.70001220703125,145.6300048828125,217.89999389648438,297.95001220703125,150.82000732421875,210.72999572753906,292.8900146484375,145.0,210.72999572753906,297.010009765625,150.0800018310547,10647900,4016200,17545200
2025-10-13,212.08999633789062,294.6000061035156,148.64999389648438,215.8000030517578,300.4200134277344,149.97999572753906,212.05999755859375,294.0,147.33999633789062,215.55999755859375,300.1099853515625,148.88999938964844,5657300,3369300,7272000
2025-10-14,213.5399932861328,300.1600036621094,148.69000244140625,217.9499969482422,305.5199890136719,151.6199951171875,212.24000549316406,300.1099853515625,148.5,214.3000030517578,304.55999755859375,151.5399932861328,5975700,2992800,8371100
2025-10-15,215.0399932861328,303.6300048828125,151.3300018310547,215.92999267578125,309.1000061035156,152.38999938964844,212.47999572753906,303.6300048828125,149.1699981689453,214.0,305.25,151.16000366210938,5055600,2522100,6101100
2025-10-16,214.66000366210938,305.7900085449219,152.3800048828125,214.9600067138672,307.2799987792969,154.3800048828125,210.66000366210938,304.7099914550781,152.2899932861328,211.88999938964844,305.3299865722656,152.6699981689453,5555200,2021600,8532900
2025-10-17,210.91000366210938,306.79998779296875,153.77000427246094,214.67999267578125,308.3299865722656,153.91000366210938,210.75,306.30999755859375,151.74000549316406,212.94000244140625,308.0899963378906,153.7100067138672,6482700,2194200,6710100
2025-10-20,215.1300048828125,307.95001220703125,154.4199981689453,217.3800048828125,308.70001220703125,154.4199981689453,214.55999755859375,305.8399963378906,152.72000122070312,216.82000732421875,307.7699890136719,153.63999938964844,5865100,2329600,4810600
2025-10-21,217.2100067138672,308.54998779296875,154.6999969482422,217.6999969482422,308.54998779296875,155.19000244140625,215.5500030517578,306.3900146484375,152.83999633789062,217.25999450683594,307.4800109863281,153.17999267578125,4209500,2461100,5614300
2025-10-22,216.67999267578125,308.2200012207031,153.14999389648438,217.39999389648438,312.7900085449219,155.17999267578125,213.8000030517578,307.1499938964844,152.7100067138672,216.58999633789062,310.1099853515625,153.02999877929688,6310300,2735700,6486000
2025-10-23,216.39999389648438,311.9700012207031,153.1699981689453,219.3000030517578,311.9700012207031,153.39999389648438,216.25,306.2200012207031,151.02999877929688,217.77000427246094,306.9700012207031,151.50999450683594,5356200,2081500,6091800
2025-10-24,219.0399932861328,307.6300048828125,152.0399932861328,221.74000549316406,307.70001220703125,152.4199981689453,218.50999450683594,305.0199890136719,151.27000427246094,221.35000610351562,305.7900085449219,151.5500030517578,5238100,1994500,3580200
2025-10-27,222.77999877929688,305.8999938964844,151.00999450683594,223.5800018310547,310.0899963378906,152.8699951171875,221.82000732421875,305.3399963378906,150.9600067138672,223.0,310.0,152.6300048828125,6084300,2139700,4744600
2025-10-28,224.36000061035156,308.5400085449219,151.41000366210938,225.55999755859375,310.5799865722656,153.2100067138672,222.60000610351562,306.3299865722656,149.9199981689453,223.3300018310547,306.3999938964844,150.1199951171875,7027200,2336500,5626500
2025-10-29,221.36000061035156,304.70001220703125,148.0500030517578,221.89999389648438,304.7799987792969,148.66000366210938,212.5,301.2200012207031,143.6699981689453,213.5800018310547,302.3500061035156,146.16000366210938,20940100,2502300,7767600
2025-10-30,210.00999450683594,300.5,146.33999633789062,210.27999877929688,304.3900146484375,148.08999633789062,200.02000427246094,300.1000061035156,146.25,200.0800018310547,302.42999267578125,147.5500030517578,19417000,3128400,5752700
2025-10-31,201.25,300.0,146.1999969482422,202.60000610351562,300.7099914550781,147.0,198.3000030517578,297.0,145.3000030517578,201.02000427246094,298.42999267578125,146.08999633789062,10696600,3582700,6313600
2025-11-03,202.0399932861328,297.6700134277344,145.86000061035156,205.66000366210938,297.9200134277344,145.91000366210938,201.5800018310547,294.44000244140625,143.25,204.5500030517578,296.3699951171875,143.60000610351562,8103900,3899300,8331500
2025-11-04,201.8000030517578,298.2099914550781,144.6999969482422,202.22000122070312,299.75,144.92999267578125,197.57000732421875,296.4200134277344,142.05999755859375,198.0500030517578,299.2099914550781,142.89999389648438,8619600,4151300,8302900
2025-11-05,197.75,299.55999755859375,142.89999389648438,198.50999450683594,310.1700134277344,143.27999877929688,195.30999755859375,299.2099914550781,141.5800018310547,197.6199951171875,305.6700134277344,142.86000061035156,9885700,6070300,7136400
2025-11-06,198.10000610351562,304.260009765625,142.41000366210938,201.27000427246094,306.4100036621094,143.2100067138672,195.4499969482422,297.510009765625,141.3000030517578,196.5,298.4100036621094,141.5800018310547,7740500,3544900,6449400
2025-11-07,195.5,300.3399963378906,142.92999267578125,195.85000610351562,302.54998779296875,144.0500030517578,191.49000549316406,298.3299865722656,141.64999389648438,194.61000061035156,299.6600036621094,142.9499969482422,7869500,3250100,7592300
2025-11-10,195.88999938964844,299.0,142.49000549316406,196.44000244140625,300.0199890136719,143.02000427246094,193.19000244140625,296.0400085449219,141.25999450683594,194.80999755859375,299.1000061035156,142.6199951171875,7447400,3824300,6617500
2025-11-11,194.74000549316406,300.8599853515625,143.27999877929688,196.39999389648438,307.2900085449219,145.75999450683594,194.35000610351562,300.8500061035156,142.67999267578125,195.2100067138672,306.8299865722656,145.0800018310547,5783400,2755800,7683600
2025-11-12,195.75,306.7799987792969,144.55999755859375,196.66000366210938,309.0899963378906,145.5,193.8000030517578,305.7799987792969,144.05999755859375,195.5,306.94000244140625,144.38999938964844,8288300,2818600,5790100
2025-11-13,195.6300048828125,307.29998779296875,144.10000610351562,196.1999969482422,310.1000061035156,146.38999938964844,193.11000061035156,306.5,143.64999389648438,194.5800018310547,307.5799865722656,145.02000427246094,6739300,2294300,6663300
2025-11-14,192.8800048828125,308.45001220703125,145.88999938964844,197.02999877929688,310.75,146.83999633789062,192.14999389648438,303.3299865722656,143.92999267578125,194.52000427246094,307.0299987792969,145.85000610351562,6189800,3112500,5770500
2025-11-17,194.83999633789062,307.1700134277344,146.1199951171875,194.83999633789062,307.70001220703125,148.11000061035156,190.22999572753906,304.1000061035156,145.22000122070312,191.80999755859375,304.8999938964844,147.8300018310547,5877800,2435700,7320200
2025-11-18,190.0,305.67999267578125,148.3000030517578,191.16000366210938,308.44000244140625,149.8300018310547,187.85000610351562,304.1600036621094,147.4499969482422,189.6300048828125,304.5899963378906,148.77000427246094,8195800,2773800,10821500
2025-11-19,189.2100067138672,304.5899963378906,148.3000030517578,189.2100067138672,304.8399963378906,148.8000030517578,183.00999450683594,302.0400085449219,146.69000244140625,185.6999969482422,302.739990234375,147.11000061035156,12550400,2008300,8123200
2025-11-20,187.74000549316406,302.45001220703125,146.60000610351562,188.10000610351562,305.6400146484375,147.0800018310547,178.4199981689453,301.8699951171875,144.89999389648438,179.3800048828125,304.1600036621094,146.10000610351562,13706400,4205100,6878900
2025-11-21,180.55999755859375,306.2699890136719,146.27999877929688,181.42999267578125,310.5400085449219,148.94000244140625,176.77000427246094,306.1600036621094,145.97999572753906,179.6999969482422,309.3500061035156,146.3300018310547,10134000,3348900,7911800
2025-11-24,180.30999755859375,308.989990234375,145.8300018310547,180.30999755859375,310.3399963378906,146.33999633789062,177.3000030517578,304.0299987792969,144.75999450683594,179.1199951171875,304.8999938964844,145.5,9386000,3687300,9391400
2025-11-25,179.49000549316406,306.75,145.92999267578125,183.47999572753906,311.4599914550781,147.1199951171875,177.52000427246094,306.75,145.57000732421875,182.44000244140625,310.45001220703125,146.11000061035156,9676200,4189600,8954000
2025-11-26,184.0,311.57000732421875,146.32000732421875,188.17999267578125,312.8699951171875,148.47000122070312,183.02999877929688,309.7200012207031,146.22999572753906,186.9199981689453,312.3999938964844,147.97999572753906,7644500,2786600,5180600
2025-11-28,187.8699951171875,312.3699951171875,147.22999572753906,189.75,313.29998779296875,148.82000732421875,186.91000366210938,310.69000244140625,147.22999572753906,189.0,311.82000732421875,148.74000549316406,3757000,1850700,2969300
2025-12-01,188.9600067138672,309.4800109863281,148.6300048828125,189.9499969482422,309.5,149.82000732421875,186.41000366210938,303.3699951171875,148.50999450683594,186.4600067138672,303.57000732421875,149.50999450683594,6763700,3354100,7623300
2025-12-02,198.3000030517578,303.79998779296875,149.4600067138672,205.77999877929688,303.82000732421875,149.50999450683594,195.50999450683594,299.5899963378906,146.52999877929688,205.3800048828125,300.7200012207031,148.61000061035156,22624000,3947800,6830300
2025-12-03,204.60000610351562,302.3999938964844,148.69000244140625,205.85000610351562,308.75,150.6999969482422,197.39999389648438,302.05999755859375,147.91000366210938,202.5399932861328,307.7099914550781,148.05999755859375,14139900,4986900,5109200
2025-12-04,202.85000610351562,308.5299987792969,147.75,202.88999938964844,313.79998779296875,148.25,198.52999877929688,307.32000732421875,146.1300048828125,201.8699951171875,308.5400085449219,146.91000366210938,9513300,4632200,6803000
2025-12-05,201.39999389648438,308.6600036621094,145.6199951171875,202.9499969482422,312.04998779296875,145.8000030517578,200.55999755859375,308.20001220703125,144.50999450683594,201.88999938964844,311.2300109863281,145.02000427246094,6857200,3147200,5971300
2025-12-08,203.61000061035156,312.0,145.00999450683594,206.86000061035156,313.75,146.55999755859375,202.55999755859375,309.04998779296875,144.1999969482422,206.27000427246094,309.7900085449219,145.6300048828125,8823900,3575000,6327400
2025-12-09,205.35000610351562,310.69000244140625,146.35000610351562,207.10000610351562,312.70001220703125,147.55999755859375,200.02000427246094,308.4200134277344,143.91000366210938,200.3699951171875,310.7900085449219,144.63999938964844,9101900,2355100,10035200
2025-12-10,200.3699951171875,309.5,147.77000427246094,201.35000610351562,311.32000732421875,149.77999877929688,198.35000610351562,306.010009765625,147.0,198.72000122070312,310.5299987792969,149.6999969482422,15159600,4103900,18526400
2025-12-11,198.72999572753906,311.5,150.14999389648438,201.86000061035156,312.9800109863281,150.88999938964844,198.0500030517578,309.05999755859375,148.1300048828125,200.7100067138672,309.7099914550781,149.0399932861328,7917800,4844000,7854000
2025-12-12,202.1999969482422,310.5299987792969,149.75,206.1199951171875,317.7900085449219,150.6699981689453,201.5800018310547,310.3699951171875,148.74000549316406,204.3800048828125,316.7200012207031,150.64999389648438,7069700,3771900,8143100
2025-12-15,204.3800048828125,316.70001220703125,150.94000244140625,206.6300048828125,319.6600036621094,151.6999969482422,203.1699981689453,315.79998779296875,150.27999877929688,205.5,318.7300109863281,151.22000122070312,6721600,3814900,8409600
2025-12-16,205.0,319.1099853515625,151.99000549316406,208.64999389648438,320.5799865722656,152.35000610351562,204.38999938964844,314.30999755859375,149.99000549316406,206.7100067138672,314.5,150.3699951171875,6120200,2972300,7520300
2025-12-17,206.77999877929688,315.54998779296875,150.3800048828125,210.66000366210938,319.20001220703125,151.24000549316406,205.82000732421875,315.0,149.47999572753906,206.3300018310547,318.69000244140625,150.0800018310547,7301100,3328600,8067100
2025-12-18,207.99000549316406,319.3800048828125,149.8000030517578,210.5500030517578,321.7900085449219,150.3699951171875,207.66000366210938,318.3500061035156,149.25,208.27000427246094,319.6499938964844,149.3699951171875,5652100,3335200,6643200
2025-12-19,209.75999450683594,318.70001220703125,149.14999389648438,215.97999572753906,319.3299865722656,149.88999938964844,209.27000427246094,315.75,147.89999389648438,214.0800018310547,315.8399963378906,148.16000366210938,14793700,7128600,17543500
2025-12-22,215.33999633789062,315.0,147.52999877929688,217.14999389648438,318.2699890136719,148.97999572753906,214.22000122070312,314.4700012207031,146.41000366210938,216.83999633789062,316.2200012207031,147.0500030517578,5458900,2514600,8818700
2025-12-23,216.89999389648438,312.1000061035156,147.19000244140625,217.55999755859375,314.1199951171875,147.19000244140625,215.32000732421875,310.6300048828125,143.55999755859375,216.85000610351562,310.8399963378906,143.67999267578125,4496300,2922800,7254800
2025-12-24,217.0,310.67999267578125,143.7899932861328,219.27000427246094,313.3999938964844,143.99000549316406,216.19000244140625,310.2799987792969,142.9499969482422,218.16000366210938,313.3299865722656,143.74000549316406,2943500,1011500,2618700
2025-12-26,218.0500030517578,312.9800109863281,143.55999755859375,218.6699981689453,313.260009765625,143.94000244140625,216.13999938964844,309.8699951171875,143.08999633789062,216.44000244140625,310.67999267578125,143.77999877929688,2801500,1308900,4975500
2025-12-29,215.89999389648438,310.4599914550781,143.74000549316406,218.13999938964844,311.1000061035156,145.0500030517578,215.11000061035156,308.2200012207031,143.60000610351562,217.25,308.5299987792969,144.24000549316406,5292000,2148300,7201900
2025-12-30,219.13999938964844,307.0799865722656,143.97000122070312,221.8800048828125,308.6400146484375,145.27000427246094,218.39999389648438,306.7699890136719,143.9199981689453,218.5,308.0299987792969,144.16000366210938,5653500,1678300,4713800
2025-12-31,218.92999267578125,307.7799987792969,143.8300018310547,219.32000732421875,308.2099914550781,144.02999877929688,216.13999938964844,305.3500061035156,143.16000366210938,217.1199951171875,305.6300048828125,143.52000427246094,5563000,1903600,4380300
2026-01-02,218.14999389648438,305.2900085449219,143.22000122070312,227.77000427246094,305.54998779296875,143.41000366210938,215.24000549316406,300.2900085449219,142.10000610351562,227.77000427246094,303.260009765625,142.22999572753906,11261000,3124300,7182100
2026-01-05,228.7899932861328,301.25,141.66000366210938,230.9600067138672,302.3299865722656,141.80999755859375,227.5,299.6199951171875,139.39999389648438,228.1300048828125,299.8599853515625,139.9199981689453,8278800,4573300,9031400
2026-01-06,229.22999572753906,299.07000732421875,139.67999267578125,231.63999938964844,304.2200012207031,140.05999755859375,228.60000610351562,298.3299865722656,138.57000732421875,229.83999633789062,302.7699890136719,138.9600067138672,6714300,3769100,9576500
2026-01-07,232.14999389648438,305.3299865722656,139.22000122070312,233.57000732421875,307.0,139.8300018310547,227.30999755859375,303.30999755859375,136.9600067138672,228.1199951171875,304.1600036621094,137.00999450683594,9693100,4100200,8539800
2026-01-08,231.7899932861328,303.44000244140625,136.57000732421875,233.11000061035156,309.0,139.47999572753906,225.10000610351562,302.6300048828125,136.00999450683594,227.3800048828125,308.8800048828125,139.3699951171875,7126800,3268300,8762800
2026-01-09,228.33999633789062,309.0400085449219,139.44000244140625,235.13999938964844,309.5199890136719,140.7899932861328,228.3000030517578,304.6000061035156,138.6999969482422,234.52999877929688,307.32000732421875,139.91000366210938,8621600,2972000,6767600
2026-01-12,234.2899932861328,307.44000244140625,139.91000366210938,239.9499969482422,307.4800109863281,141.50999450683594,234.0,304.1700134277344,138.55999755859375,239.80999755859375,306.75,141.36000061035156,7894000,3206600,12223400
2026-01-13,241.1199951171875,305.2300109863281,141.10000610351562,247.39999389648438,309.6600036621094,143.64999389648438,240.10000610351562,305.20001220703125,141.0399932861328,244.5500030517578,309.44000244140625,143.47999572753906,11460500,2967900,9030200
2026-01-14,244.44000244140625,309.44000244140625,143.13999938964844,244.88999938964844,311.17999267578125,146.3000030517578,239.60000610351562,305.92999267578125,143.13999938964844,242.61000061035156,308.1300048828125,145.9199981689453,7748600,2949000,8329500
2026-01-15,244.3800048828125,308.92999267578125,146.05999755859375,248.75,308.92999267578125,147.02000427246094,243.97000122070312,303.79998779296875,145.52999877929688,247.74000549316406,308.6199951171875,146.57000732421875,6517200,3189200,5797800
2026-01-16,247.75,306.8900146484375,147.16000366210938,248.19000244140625,308.5299987792969,147.5500030517578,244.9600067138672,305.8399963378906,145.50999450683594,247.67999267578125,307.42999267578125,146.32000732421875,5944200,2590600,10313500
2026-01-20,244.39999389648438,306.44000244140625,146.22000122070312,249.52000427246094,306.54998779296875,147.66000366210938,243.6999969482422,302.45001220703125,144.32000732421875,249.0,302.8399963378906,147.66000366210938,11293200,3018000,9982800
2026-01-21,248.88999938964844,303.3399963378906,147.0500030517578,251.30999755859375,305.7099914550781,148.00999450683594,244.67999267578125,303.1400146484375,144.94000244140625,250.07000732421875,305.69000244140625,146.74000549316406,8160700,3630900,7679600
2026-01-22,252.0,306.1499938964844,146.67999267578125,254.13999938964844,307.6300048828125,147.1300048828125,249.77999877929688,304.95001220703125,144.1699981689453,251.41000366210938,306.0299987792969,144.39999389648438,9742600,2809400,8167400
2026-01-23,252.74000549316406,306.1000061035156,143.86000061035156,253.77000427246094,309.510009765625,144.83999633789062,249.02000427246094,305.3599853515625,143.05999755859375,252.14999389648438,309.25,144.5800018310547,7078700,2350200,5870100
2026-01-26,251.49000549316406,310.0,144.8000030517578,251.58999633789062,314.3599853515625,145.9199981689453,247.41000366210938,309.9700012207031,144.13999938964844,248.42999267578125,312.95001220703125,145.8699951171875,8469200,3385000,6589600
2026-01-27,242.5,312.32000732421875,145.75,254.35000610351562,314.55999755859375,148.82000732421875,238.75,311.0400085449219,145.3300018310547,244.55999755859375,314.1300048828125,148.77999877929688,20509200,2506600,7114900
2026-01-28,244.08999633789062,315.0,148.41000366210938,245.86000061035156,316.2799987792969,150.0399932861328,237.10000610351562,311.6099853515625,147.75999450683594,241.58999633789062,312.79998779296875,148.5,9999200,2184500,5954100
2026-01-29,242.0800018310547,312.9100036621094,148.83999633789062,243.77000427246094,317.3999938964844,150.86000061035156,233.35000610351562,312.260009765625,148.44000244140625,234.0399932861328,315.510009765625,148.69000244140625,9142500,3211300,9062300
2026-01-30,233.5,315.6600036621094,149.00999450683594,234.64999389648438,316.04998779296875,153.88999938964844,229.94000244140625,311.57000732421875,148.58999633789062,233.72000122070312,315.0,153.6300048828125,6916100,2983200,12641300
2026-02-02,232.63999938964844,319.0,154.05999755859375,236.2899932861328,319.5199890136719,156.6199951171875,230.3300018310547,315.2099914550781,153.19000244140625,233.02000427246094,318.5299987792969,155.1999969482422,6105300,3309800,14660500
2026-02-03,236.4199981689453,315.510009765625,156.60000610351562,238.85000610351562,322.8900146484375,163.44000244140625,228.9600067138672,315.510009765625,155.5,233.14999389648438,319.4800109863281,162.85000610351562,7655200,4043400,19096400
2026-02-04,233.24000549316406,321.1099853515625,164.88999938964844,236.57000732421875,326.95001220703125,167.94000244140625,229.91000366210938,319.70001220703125,164.1699981689453,235.9499969482422,323.69000244140625,166.17999267578125,7053400,4805900,13322900
2026-02-05,234.11000061035156,325.0799865722656,166.50999450683594,240.3300018310547,328.05999755859375,168.00999450683594,232.60000610351562,322.95001220703125,165.25,236.9499969482422,323.4800109863281,167.52999877929688,7377300,3936800,11038800
2026-02-06,239.39999389648438,322.8999938964844,167.4499969482422,246.3000030517578,327.5400085449219,170.75,239.39999389648438,321.239990234375,167.25999450683594,243.02999877929688,327.1600036621094,170.49000549316406,6701200,2831900,10960400
2026-02-09,242.0,325.94000244140625,169.5,245.83999633789062,327.32000732421875,169.92999267578125,240.5,323.17999267578125,164.94000244140625,244.7100067138672,325.6000061035156,166.47000122070312,4707200,2673900,10316200
2026-02-10,245.0,325.42999267578125,165.75,247.86000061035156,328.0,167.41000366210938,240.86000061035156,323.510009765625,163.74000549316406,242.58999633789062,325.9700012207031,166.97000122070312,5184400,3502900,10352500
2026-02-11,244.47999572753906,323.5799865722656,167.64999389648438,244.6999969482422,325.20001220703125,170.27000427246094,235.5,320.80999755859375,166.02000427246094,236.25999450683594,323.2099914550781,169.14999389648438,5791000,4553200,6733400
2026-02-12,239.25999450683594,329.8299865722656,169.75999450683594,245.6699981689453,333.3800048828125,171.47999572753906,235.97000122070312,320.1499938964844,167.08999633789062,239.35000610351562,332.0799865722656,167.1999969482422,6980800,6499700,9516300
2026-02-13,241.24000549316406,332.5,167.1999969482422,246.50999450683594,335.6700134277344,167.8800048828125,240.72000122070312,326.5299987792969,165.0,242.9600067138672,327.5799865722656,165.94000244140625,6835400,3587900,9286100
2026-02-17,243.61000061035156,330.0,166.1199951171875,245.4199981689453,332.0799865722656,167.5399932861328,238.92999267578125,325.0,160.80999755859375,244.0399932861328,327.6199951171875,161.9199981689453,4864700,3367200,8749800
2026-02-18,244.5500030517578,327.2699890136719,161.7899932861328,245.0800018310547,328.79998779296875,164.52999877929688,238.60000610351562,323.8299865722656,160.6300048828125,238.92999267578125,327.8900146484375,164.38999938964844,4923000,3661800,7239800
2026-02-19,238.91000366210938,328.4599914550781,164.38999938964844,240.0,333.0,165.0500030517578,233.4199981689453,326.95001220703125,163.1300048828125,233.7100067138672,327.1099853515625,164.58999633789062,5827500,4032300,6155800
2026-02-20,232.6300048828125,328.0299987792969,164.64999389648438,236.0800018310547,330.2799987792969,164.97000122070312,231.13999938964844,325.9599914550781,163.02000427246094,232.02999877929688,329.2300109863281,164.94000244140625,5460900,3862700,4811800
2026-02-23,231.5,330.42999267578125,164.49000549316406,233.5,335.5799865722656,168.80999755859375,227.4600067138672,330.25,164.24000549316406,230.44000244140625,334.55999755859375,168.32000732421875,5380000,3806200,6801600
2026-02-24,229.27000427246094,335.30999755859375,168.22999572753906,236.1300048828125,336.0,169.7899932861328,228.38999938964844,332.3299865722656,167.77000427246094,233.38999938964844,333.04998779296875,169.5399932861328,4408900,2756900,6319800
2026-02-25,234.10000610351562,332.0,168.61000061035156,234.16000366210938,334.1499938964844,169.5,229.19000244140625,330.0,166.0,230.36000061035156,333.010009765625,169.1699981689453,4442600,2812500,6832700
2026-02-26,230.3800048828125,334.8699951171875,169.6300048828125,230.66000366210938,336.94000244140625,170.05999755859375,225.6699981689453,333.1099853515625,167.16000366210938,229.41000366210938,334.5299987792969,167.5800018310547,4613300,2425900,7219300
2026-02-27,227.47000122070312,335.57000732421875,168.3800048828125,228.8000030517578,341.3500061035156,170.27999877929688,224.91000366210938,335.57000732421875,167.82000732421875,227.52999877929688,341.05999755859375,169.74000549316406,6278100,4269100,10585200
2026-03-02,226.0,341.05999755859375,169.0500030517578,230.22999572753906,341.75,169.5399932861328,223.6199951171875,334.4100036621094,167.13999938964844,229.74000549316406,334.82000732421875,167.27999877929688,4709000,4555400,7264000
2026-03-03,225.75,330.0899963378906,166.5399932861328,226.5,332.1700134277344,167.22000122070312,221.11000061035156,327.70001220703125,163.6699981689453,224.1199951171875,332.1700134277344,164.91000366210938,6211600,2901100,6718100
2026-03-04,226.3800048828125,331.739990234375,165.0399932861328,227.52999877929688,332.8299865722656,165.92999267578125,221.7899932861328,329.6099853515625,163.3699951171875,227.30999755859375,331.739990234375,163.9199981689453,5068700,2455900,6855400
2026-03-05,226.1199951171875,329.79998779296875,162.16000366210938,227.67999267578125,330.80999755859375,163.39999389648438,218.1300048828125,324.1199951171875,160.16000366210938,222.05999755859375,327.45001220703125,160.6999969482422,7199300,4321400,7133700
2026-03-06,219.47999572753906,326.2900085449219,158.25,231.9600067138672,328.3299865722656,159.52999877929688,218.63999938964844,321.32000732421875,156.08999633789062,231.11000061035156,328.05999755859375,159.42999267578125,10684700,3341200,5937900
2026-03-09,226.75,325.79998779296875,159.1699981689453,227.58999633789062,331.70001220703125,162.42999267578125,220.4499969482422,324.5799865722656,158.10000610351562,225.0,330.79998779296875,161.52999877929688,8400100,3407500,6416000
2026-03-10,224.10000610351562,328.3399963378906,160.6999969482422,226.11000061035156,329.6499938964844,162.86000061035156,217.02999877929688,326.7099914550781,159.58999633789062,217.75999450683594,327.94000244140625,160.77999877929688,9285300,2391400,5341300
2026-03-11,217.94000244140625,327.0299987792969,160.30999755859375,217.94000244140625,327.6499938964844,160.91000366210938,213.52999877929688,322.4200134277344,157.88999938964844,214.10000610351562,325.2099914550781,160.14999389648438,7937400,2200500,4359700
2026-03-12,212.2100067138672,323.25,158.8699951171875,212.61000061035156,327.32000732421875,161.5399932861328,204.3000030517578,322.010009765625,158.69000244140625,204.75999450683594,323.9100036621094,158.86000061035156,10758600,2639600,6165600
2026-03-13,205.0,324.9800109863281,159.77999877929688,210.83999633789062,326.9599914550781,161.50999450683594,204.9199981689453,324.4800109863281,159.24000549316406,209.88999938964844,326.4599914550781,159.8800048828125,8926600,2449800,4676800
2026-03-16,210.75,327.8399963378906,161.36000061035156,216.14999389648438,328.7099914550781,161.5800018310547,210.75,326.510009765625,157.5399932861328,213.47000122070312,326.6499938964844,157.72000122070312,7347100,2584300,4498700
2026-03-17,214.67999267578125,327.3399963378906,158.8300018310547,217.14999389648438,330.489990234375,159.11000061035156,206.6699981689453,326.1199951171875,156.2899932861328,210.82000732421875,326.29998779296875,156.5,7308100,2437800,5460200
2026-03-18,209.0,323.7699890136719,155.25,210.5,324.5,156.1199951171875,205.75,315.239990234375,153.2899932861328,205.99000549316406,315.7300109863281,153.5399932861328,5881900,3038400,5124400
2026-03-19,203.0500030517578,315.989990234375,153.75,203.0500030517578,316.7300109863281,154.67999267578125,197.4600067138672,309.3299865722656,152.66000366210938,201.17999267578125,309.5799865722656,152.74000549316406,9967600,3362300,5555500
2026-03-20,201.0500030517578,309.79998779296875,152.4499969482422,201.99000549316406,311.3699951171875,153.41000366210938,192.5399932861328,307.6199951171875,149.33999633789062,195.1199951171875,308.8500061035156,150.0399932861328,12925400,6436600,14480700
2026-03-23,198.91000366210938,313.4700012207031,152.3000030517578,201.69000244140625,313.989990234375,152.3000030517578,197.19000244140625,308.04998779296875,149.94000244140625,198.41000366210938,308.4700012207031,150.8800048828125,6247900,3003200,6783000
2026-03-24,196.11000061035156,306.3900146484375,150.4499969482422,197.6199951171875,311.19000244140625,152.5800018310547,194.36000061035156,304.7799987792969,150.1999969482422,196.4199981689453,307.8399963378906,150.58999633789062,5691800,2954900,5803700
2026-03-25,198.19000244140625,310.05999755859375,151.3000030517578,200.75,312.94000244140625,151.83999633789062,198.0,308.1099853515625,149.02999877929688,199.61000061035156,311.70001220703125,151.72999572753906,5055900,3714000,4978500
2026-03-26,197.3000030517578,310.75,151.92999267578125,198.24000549316406,312.7099914550781,153.14999389648438,194.27000427246094,308.79998779296875,150.6699981689453,194.36000061035156,308.92999267578125,150.8300018310547,5772600,3025700,5677100
2026-03-27,192.92999267578125,309.75,151.13999938964844,193.63999938964844,309.9700012207031,154.5399932861328,189.27999877929688,305.3299865722656,150.47000122070312,190.52000427246094,305.8999938964844,153.0399932861328,6000100,3137200,6663600
2026-03-30,191.47999572753906,308.70001220703125,153.82000732421875,192.5,310.7900085449219,158.38999938964844,187.72000122070312,307.6400146484375,153.3699951171875,189.2100067138672,308.5299987792969,156.82000732421875,6606100,3569600,10386800
2026-03-31,191.1300048828125,310.2300109863281,157.6699981689453,199.3300018310547,311.67999267578125,157.6699981689453,190.35000610351562,307.5400085449219,154.1699981689453,199.02999877929688,310.7900085449219,155.2899932861328,9668300,3021300,8033800
2026-04-01,203.5,310.1700134277344,153.5500030517578,210.27999877929688,311.0,155.14999389648438,203.5,304.0,153.25999450683594,207.32000732421875,307.2900085449219,154.64999389648438,9664500,3887300,5412600
2026-04-02,203.0,306.8299865722656,154.66000366210938,208.77999877929688,307.5,157.05999755859375,202.3000030517578,303.0299987792969,154.22000122070312,208.22000122070312,307.1400146484375,157.00999450683594,6698600,2649100,5410000
2026-04-06,207.3699951171875,306.05999755859375,156.41000366210938,212.39999389648438,310.30999755859375,156.86000061035156,207.3699951171875,305.80999755859375,155.39999389648438,212.3000030517578,309.760009765625,156.72999572753906,4172300,1816000,3562500
2026-04-07,211.00999450683594,310.2699890136719,156.17999267578125,211.99000549316406,310.29998779296875,156.5399932861328,206.9199981689453,304.2200012207031,152.57000732421875,210.0,304.8500061035156,153.2100067138672,4084800,2033700,5151100
2026-04-08,218.94000244140625,307.1600036621094,151.8800048828125,220.85000610351562,308.25,154.82000732421875,216.0,303.1000061035156,151.75,217.8000030517578,307.010009765625,154.8000030517578,6267200,4155100,6878500
2026-04-09,216.0,305.19000244140625,153.6999969482422,221.2899932861328,311.1000061035156,158.00999450683594,216.0,303.989990234375,153.25,220.05999755859375,309.54998779296875,157.49000549316406,4768700,2484700,4339400
2026-04-10,220.1699981689453,307.29998779296875,157.16000366210938,220.3699951171875,308.70001220703125,157.7899932861328,216.66000366210938,304.17999267578125,156.3300018310547,217.6300048828125,305.67999267578125,157.05999755859375,4829000,2708600,4412700
2026-04-13,216.25,304.2200012207031,156.99000549316406,222.2100067138672,304.8999938964844,157.02999877929688,215.4600067138672,302.1000061035156,154.9499969482422,222.13999938964844,304.510009765625,155.8800048828125,4136900,2872100,5827800
2026-04-14,221.69000244140625,303.0199890136719,154.50999450683594,225.10000610351562,303.5799865722656,156.6300048828125,221.32000732421875,301.5299987792969,154.2899932861328,223.77000427246094,303.2200012207031,155.72000122070312,4820900,3150100,5655800
2026-04-15,224.17999267578125,303.2699890136719,155.02000427246094,224.72000122070312,306.94000244140625,155.75999450683594,221.64999389648438,303.0,153.33999633789062,223.92999267578125,306.260009765625,154.85000610351562,4397700,2976500,7684800
2026-04-16,225.0,306.5799865722656,155.5399932861328,225.10000610351562,308.2699890136719,159.7899932861328,215.39999389648438,304.57000732421875,154.25999450683594,218.8800048828125,306.9599914550781,158.3800048828125,7089600,2334400,10422100
2026-04-17,223.07000732421875,307.30999755859375,158.25999450683594,230.24000549316406,312.5400085449219,160.02999877929688,222.5,307.20001220703125,156.47000122070312,223.3800048828125,311.3599853515625,157.6699981689453,8874900,3225500,7799900
2026-04-20,222.22999572753906,312.1499938964844,158.74000549316406,225.3699951171875,312.5299987792969,158.83999633789062,220.35000610351562,305.95001220703125,155.83999633789062,225.0800018310547,306.94000244140625,156.99000549316406,5014500,2395200,5731000
2026-04-21,223.2899932861328,305.54998779296875,156.74000549316406,225.66000366210938,306.1499938964844,157.0399932861328,218.89999389648438,300.9700012207031,153.72999572753906,219.16000366210938,301.8399963378906,154.9199981689453,7566300,2708100,6357300
2026-04-22,227.0500030517578,302.04998779296875,155.0800018310547,232.60000610351562,302.9100036621094,157.22000122070312,221.22000122070312,299.8299865722656,153.5500030517578,231.27999877929688,300.07000732421875,153.7899932861328,15779500,2845600,5921300
2026-04-23,231.50999450683594,302.5,155.16000366210938,235.91000366210938,304.8900146484375,156.61000061035156,228.77000427246094,301.9200134277344,154.57000732421875,234.14999389648438,302.5299987792969,155.6999969482422,8087600,3064300,6077600
2026-04-24,234.99000549316406,302.2900085449219,155.92999267578125,236.4499969482422,302.5899963378906,156.27999877929688,232.07000732421875,299.2200012207031,154.66000366210938,232.44000244140625,299.3599853515625,155.44000244140625,5732700,3847800,5364900
2026-04-27,233.0,297.7900085449219,155.52999877929688,235.4499969482422,298.5299987792969,156.64999389648438,229.38999938964844,290.19000244140625,154.0,231.3300018310547,290.2099914550781,154.10000610351562,4402600,4985000,4077000
2026-04-28,231.0500030517578,292.20001220703125,156.8000030517578,231.3300018310547,294.6499938964844,158.11000061035156,227.07000732421875,291.0299987792969,155.32000732421875,230.72000122070312,292.3900146484375,156.2899932861328,3807800,4087100,5174300
2026-04-29,230.22000122070312,291.29998779296875,155.58999633789062,230.25999450683594,292.510009765625,156.49000549316406,221.14999389648438,289.29998779296875,153.47999572753906,224.11000061035156,290.0799865722656,155.2899932861328,6377700,3493000,4047600
2026-04-30,225.89999389648438,290.54998779296875,155.97999572753906,229.5500030517578,294.5199890136719,159.0,224.61000061035156,290.2300109863281,155.27999877929688,229.02999877929688,293.5899963378906,158.49000549316406,4841300,4137700,7065100
2026-05-01,230.39999389648438,294.70001220703125,159.5500030517578,231.50999450683594,295.5799865722656,160.0,227.25999450683594,286.3599853515625,156.42999267578125,227.3800048828125,286.6400146484375,157.41000366210938,3494200,3761800,4447300
2026-05-04,226.49000549316406,286.32000732421875,155.89999389648438,227.8699951171875,289.75,156.72999572753906,221.0399932861328,283.69000244140625,153.6699981689453,221.3000030517578,284.1000061035156,154.58999633789062,4860900,3750500,5330800
2026-05-05,223.10000610351562,284.3999938964844,154.0500030517578,225.55999755859375,286.55999755859375,156.30999755859375,221.74000549316406,283.0199890136719,152.5399932861328,224.3800048828125,285.1700134277344,155.0399932861328,3852100,4007100,6200100
2026-05-06,230.92999267578125,287.1700134277344,155.8000030517578,232.0800018310547,288.5,156.92999267578125,228.10000610351562,282.3999938964844,154.8699951171875,229.92999267578125,284.1000061035156,155.9600067138672,7166900,4807900,5296600
2026-05-07,231.4499969482422,287.8299865722656,155.00999450683594,236.6300048828125,291.3999938964844,157.35000610351562,229.60000610351562,282.1499938964844,154.8800048828125,231.02999877929688,283.70001220703125,156.2899932861328,8489800,6613800,4464000
2026-05-08,233.8000030517578,285.0,156.75,238.5399932861328,286.5,157.3000030517578,231.75,274.8299865722656,154.3800048828125,237.36000061035156,275.75,154.6199951171875,7525300,6044100,4934400
2026-05-11,239.44000244140625,275.8299865722656,154.38999938964844,241.2100067138672,276.739990234375,154.6999969482422,236.52000427246094,271.9800109863281,149.05999755859375,238.2100067138672,274.6000061035156,149.41000366210938,6267000,5849000,8373300
2026-05-12,239.0,278.20001220703125,150.5399932861328,239.02000427246094,279.25,152.72000122070312,231.11000061035156,274.7699890136719,148.36000061035156,236.8699951171875,274.8399963378906,151.85000610351562,7041000,4366600,6250700
2026-05-13,237.22999572753906,274.5,150.69000244140625,242.27000427246094,277.5,153.24000549316406,234.39999389648438,273.239990234375,148.9600067138672,240.60000610351562,275.70001220703125,149.27000427246094,7438700,3451000,5524900
2026-05-14,243.52000427246094,277.79998779296875,149.5,244.07000732421875,277.79998779296875,149.99000549316406,227.5,274.29998779296875,148.14999389648438,229.2100067138672,274.9700012207031,148.6699981689453,17761100,3428200,5022200
2026-05-15,226.85000610351562,276.0,149.55999755859375,226.85000610351562,277.5,150.11000061035156,220.4499969482422,275.0199890136719,148.19000244140625,220.49000549316406,276.3900146484375,149.1199951171875,9479900,3866400,6230600
2026-05-18,220.47999572753906,275.82000732421875,149.99000549316406,221.1699981689453,282.79998779296875,150.1199951171875,216.7899932861328,275.1499938964844,147.47999572753906,220.61000061035156,282.4700012207031,149.05999755859375,6568200,3969300,8799400
2026-05-19,218.83999633789062,283.3999938964844,150.3000030517578,220.0500030517578,285.32000732421875,152.57000732421875,214.0,280.2900085449219,148.97000122070312,215.00999450683594,280.79998779296875,150.3699951171875,5355300,4087500,10093900
2026-05-20,216.8000030517578,280.2900085449219,149.57000732421875,223.02000427246094,281.0199890136719,150.64999389648438,216.5,276.3999938964844,148.38999938964844,222.1999969482422,280.2699890136719,149.2899932861328,7708500,4056900,7425800
2026-05-21,219.38999938964844,281.04998779296875,149.2899932861328,221.1699981689453,285.1499938964844,149.6699981689453,215.72000122070312,279.95001220703125,146.3800048828125,219.61000061035156,284.17999267578125,148.85000610351562,6412800,5116300,6123100
2026-05-22,220.85000610351562,283.0,149.41000366210938,221.11000061035156,283.7300109863281,150.83999633789062,217.1699981689453,280.4100036621094,148.5399932861328,219.02000427246094,282.2699890136719,150.57000732421875,4647100,3056200,7774400
2026-05-26,221.3000030517578,281.0199890136719,149.7100067138672,222.41000366210938,282.0199890136719,150.25,217.91000366210938,278.7099914550781,145.5,218.89999389648438,279.260009765625,145.67999267578125,5908000,4227400,9059200
2026-05-27,221.5,280.239990234375,146.27000427246094,226.89999389648438,283.54998779296875,148.91000366210938,220.6999969482422,279.8500061035156,145.6999969482422,224.3000030517578,280.9200134277344,147.74000549316406,11049100,3808100,7404500
2026-05-28,224.0,280.010009765625,147.77000427246094,229.91000366210938,280.2200012207031,148.61000061035156,222.85000610351562,277.5199890136719,145.6199951171875,228.77999877929688,277.9700012207031,146.2899932861328,6526400,4115700,7625200
2026-05-29,228.44000244140625,277.7799987792969,145.13999938964844,232.3000030517578,281.4200134277344,146.77000427246094,226.25,277.4200134277344,143.5500030517578,231.14999389648438,279.20001220703125,144.19000244140625,6938100,4901300,12776400
2026-06-01,228.36000061035156,278.1199951171875,142.58999633789062,228.8000030517578,278.8900146484375,144.11000061035156,222.2100067138672,273.3999938964844,141.32000732421875,224.3000030517578,276.1099853515625,141.52000427246094,6400900,4594600,8077300
2026-06-02,222.52000427246094,273.3299865722656,141.5399932861328,224.69000244140625,278.010009765625,142.88999938964844,215.00999450683594,272.95001220703125,140.80999755859375,217.6999969482422,276.3599853515625,142.0,7655600,4211600,7864700
2026-06-03,216.10000610351562,275.7699890136719,141.7899932861328,216.35000610351562,276.8500061035156,143.67999267578125,209.6300048828125,273.2900085449219,141.77000427246094,210.5800018310547,273.2900085449219,142.5399932861328,9105900,5011100,6225100
2026-06-04,213.0,277.79998779296875,144.86000061035156,221.60000610351562,278.5,145.6999969482422,212.8000030517578,271.8500061035156,141.2100067138672,217.4199981689453,272.7200012207031,142.14999389648438,8055000,3541600,8089800
2026-06-05,216.5800018310547,274.3999938964844,141.55999755859375,218.3699951171875,280.760009765625,144.33999633789062,213.6300048828125,274.3999938964844,141.2100067138672,215.4499969482422,279.8399963378906,141.9199981689453,4804000,5428100,13228700
2026-06-08,216.3000030517578,278.1099853515625,140.9199981689453,217.7899932861328,280.17999267578125,141.86000061035156,215.0,277.1499938964844,139.25999450683594,215.9199981689453,277.7799987792969,140.67999267578125,3711700,3842300,8800500
2026-06-09,216.5,277.6099853515625,141.52999877929688,220.00999450683594,285.30999755859375,144.3000030517578,212.22999572753906,276.0400085449219,140.85000610351562,214.50999450683594,282.25,142.77999877929688,5198800,5431700,10390200
2026-06-10,213.07000732421875,284.32000732421875,143.9499969482422,213.6999969482422,286.45001220703125,145.4499969482422,207.9499969482422,282.29998779296875,143.0,209.0,282.5199890136719,144.32000732421875,7038100,4152700,11249200
2026-06-11,209.83999633789062,282.8399963378906,144.86000061035156,221.77000427246094,286.25,145.39999389648438,209.8000030517578,281.0400085449219,143.57000732421875,221.6300048828125,284.7699890136719,143.72999572753906,6651500,4565400,8653900
2026-06-12,222.3699951171875,286.0,143.8000030517578,223.50999450683594,287.6600036621094,144.36000061035156,216.6999969482422,284.0299987792969,142.41000366210938,219.0500030517578,284.80999755859375,144.27000427246094,5665800,4028800,6781700
2026-06-15,225.3000030517578,284.2300109863281,143.02000427246094,231.33999633789062,288.239990234375,146.77000427246094,225.22000122070312,283.6000061035156,142.80999755859375,228.9499969482422,286.1199951171875,146.25,8596000,4388500,8976400
2026-06-16,229.47000122070312,288.0,146.8699951171875,230.3000030517578,289.2900085449219,147.63999938964844,225.3000030517578,285.0899963378906,145.02999877929688,227.49000549316406,287.92999267578125,146.1199951171875,3705900,3874300,9345200
2026-06-17,227.02000427246094,285.5,145.50999450683594,230.5399932861328,287.2900085449219,145.8699951171875,225.3000030517578,282.9700012207031,140.85000610351562,225.6300048828125,283.82000732421875,141.58999633789062,5006800,3591000,10126600
2026-06-18,227.75,284.3800048828125,141.0500030517578,228.99000549316406,284.760009765625,142.72999572753906,220.1199951171875,277.92999267578125,141.0399932861328,222.72000122070312,278.6099853515625,142.02000427246094,8822500,8106400,19130300
2026-06-22,223.0,277.0,141.27999877929688,223.5500030517578,277.54998779296875,142.49000549316406,220.11000061035156,270.0799865722656,140.47999572753906,220.8300018310547,270.1000061035156,140.7100067138672,4300300,4891100,10345000
2026-06-23,218.88999938964844,273.8900146484375,143.67999267578125,221.47999572753906,274.25,143.67999267578125,216.63999938964844,270.510009765625,140.8699951171875,216.7100067138672,271.6600036621094,142.0500030517578,4572500,3783500,7589000
2026-06-24,218.19000244140625,272.1700134277344,142.02000427246094,222.25,276.05999755859375,143.74000549316406,217.67999267578125,271.2200012207031,141.6699981689453,220.25,273.8800048828125,142.27000427246094,4354300,4698700,8324100
2026-06-25,220.60000610351562,272.69000244140625,141.99000549316406,224.1300048828125,273.3399963378906,143.10000610351562,217.16000366210938,264.5299987792969,139.3699951171875,218.1199951171875,264.5400085449219,139.52000427246094,4687600,6192700,7333300
2026-06-26,217.5500030517578,264.7699890136719,140.52000427246094,222.5800018310547,270.7900085449219,142.13999938964844,215.36000061035156,264.54998779296875,140.1999969482422,217.25,269.760009765625,141.38999938964844,11704500,7422800,9735700
2026-06-29,218.6300048828125,270.19000244140625,141.97000122070312,219.50999450683594,272.5,142.3699951171875,213.9499969482422,265.6000061035156,137.52999877929688,214.69000244140625,267.17999267578125,138.67999267578125,5848500,4522000,10042400
2026-06-30,216.5,268.20001220703125,138.80999755859375,219.22999572753906,271.19000244140625,139.13999938964844,214.72999572753906,267.3900146484375,134.94000244140625,216.47000122070312,270.30999755859375,135.39999389648438,7013700,4752600,14148300
2026-07-01,217.25999450683594,270.25,137.2100067138672,220.75,272.45001220703125,141.33999633789062,216.16000366210938,268.8999938964844,136.61000061035156,218.5800018310547,269.42999267578125,141.16000366210938,4205600,3902100,9391700
2026-07-02,221.0,271.79998779296875,143.24000549316406,227.52000427246094,280.6300048828125,144.74000549316406,220.67999267578125,269.8599853515625,142.16000366210938,226.49000549316406,280.6300048828125,144.22000122070312,6050800,6871800,13040200
2026-07-06,227.14999389648438,280.05999755859375,144.24000549316406,234.85000610351562,281.0199890136719,144.6999969482422,227.0,273.5799865722656,141.3800048828125,234.5399932861328,279.5,143.2899932861328,7029200,6744000,9006600
2026-07-07,235.89999389648438,283.79998779296875,146.99000549316406,237.47999572753906,287.1000061035156,149.0399932861328,230.4600067138672,281.3800048828125,144.5399932861328,231.67999267578125,282.2099914550781,144.97999572753906,4364700,3688500,9256700
2026-07-08,227.0,281.2699890136719,146.0,228.89999389648438,281.6199951171875,146.0,222.75,276.239990234375,142.44000244140625,224.9499969482422,278.25,142.50999450683594,4732800,4735900,8997900
2026-07-09,225.3000030517578,276.05999755859375,137.08999633789062,225.5,277.5799865722656,138.74000549316406,222.69000244140625,272.9200134277344,134.69000244140625,223.11000061035156,276.489990234375,137.86000061035156,3474500,3605400,18763700
2026-07-10,223.69000244140625,278.2099914550781,135.86000061035156,223.83999633789062,278.3999938964844,137.9600067138672,219.57000732421875,272.5,135.30999755859375,222.27999877929688,274.6000061035156,137.3800048828125,3828300,2980800,9074900
2026-07-13,222.0,276.0199890136719,138.02000427246094,222.0,276.0199890136719,140.25,215.11000061035156,271.3299865722656,137.75,215.50999450683594,272.6099853515625,138.49000549316406,4675700,4169600,6716300
2026-07-14,216.9600067138672,272.0,138.25,220.2899932861328,273.80999755859375,138.7899932861328,216.3800048828125,268.32000732421875,135.41000366210938,217.11000061035156,268.94000244140625,135.4499969482422,3849700,3834500,8518600
2026-07-15,217.7899932861328,268.0,135.08999633789062,221.92999267578125,270.2799987792969,136.99000549316406,217.25,264.0899963378906,134.64999389648438,218.1199951171875,264.95001220703125,135.39999389648438,3305100,6050900,8078300
2026-07-16,216.52000427246094,266.75,137.0399932861328,217.9600067138672,273.5899963378906,139.6199951171875,214.1999969482422,265.989990234375,136.5,214.33999633789062,273.4599914550781,139.42999267578125,4763900,4812000,7805600
2026-07-17,211.5,275.0,140.88999938964844,216.9600067138672,276.3599853515625,141.9600067138672,211.0,267.19000244140625,136.17999267578125,214.02999877929688,267.7099914550781,137.1199951171875,4220500,3782000,8579300
2026-07-20,216.17999267578125,269.75,137.57000732421875,216.72999572753906,270.0,137.58999633789062,208.6999969482422,266.260009765625,133.9499969482422,209.47999572753906,267.6400146484375,135.4600067138672,5896700,3693400,8758700
2026-07-21,209.47999572753906,266.5199890136719,134.89999389648438,211.6999969482422,266.8699951171875,135.3800048828125,203.89999389648438,263.6499938964844,134.27000427246094,204.8000030517578,263.9100036621094,135.0,10037900,3539500,7989500
2026-07-22,205.0,265.70001220703125,136.36000061035156,209.25,265.9700012207031,136.36000061035156,204.8800048828125,261.8500061035156,134.72000122070312,208.64999389648438,263.57000732421875,135.64999389648438,6061400,4524400,6198700
2026-07-23,206.0,261.5799865722656,134.6999969482422,211.3000030517578,264.0199890136719,135.33999633789062,205.05999755859375,260.9599914550781,133.72999572753906,209.22999572753906,262.79998779296875,134.9499969482422,4853800,5105700,7755700
2026-07-24,210.08999633789062,263.7900085449219,135.52999877929688,212.49000549316406,266.4599914550781,137.1300048828125,208.39999389648438,262.8999938964844,134.57000732421875,209.52000427246094,264.760009765625,136.63999938964844,3742700,3703500,7968300
2026-07-27,212.5399932861328,267.5,137.07000732421875,215.22000122070312,271.1700134277344,140.30999755859375,211.14999389648438,266.79998779296875,137.00999450683594,211.5,270.6700134277344,139.7899932861328,6657300,4874400,7237900
2026-07-28,214.0,276.2099914550781,143.2100067138672,223.77000427246094,278.70001220703125,145.42999267578125,209.35000610351562,271.6300048828125,141.7899932861328,221.55999755859375,273.0199890136719,142.86000061035156,10465400,5261500,10648800
2026-07-29,218.5,272.6300048828125,143.27999877929688,219.7899932861328,273.0299987792969,145.22999572753906,210.5399932861328,270.25,142.5800018310547,214.00999450683594,271.5199890136719,143.5,9030600,3650700,8390800
2026-07-30,214.94000244140625,270.489990234375,141.10000610351562,221.63999938964844,271.79998779296875,142.52000427246094,213.0,266.30999755859375,139.4199981689453,220.89999389648438,268.44000244140625,140.1999969482422,5661300,4040200,8253100
2026-07-31,221.16000366210938,267.1199951171875,139.52999877929688,221.5,271.07000732421875,140.16000366210938,211.3000030517578,265.5199890136719,138.3800048828125,216.13999938964844,270.6400146484375,139.55999755859375,7320700,4965200,9699400
2026-08-03,221.0,275.7099914550781,141.0800018310547,234.08999633789062,276.3299865722656,141.5500030517578,219.2100067138672,265.2300109863281,138.7100067138672,233.49000549316406,265.2300109863281,139.6300048828125,10994600,7440500,6645300
2026-08-04,236.75999450683594,270.3299865722656,137.77000427246094,238.1699981689453,271.5299987792969,139.2100067138672,232.8800048828125,264.30999755859375,137.1300048828125,237.16000366210938,268.3399963378906,139.10000610351562,7932100,7486000,8525200
2026-08-05,237.9499969482422,271.6400146484375,140.22999572753906,241.08999633789062,275.29998779296875,140.27000427246094,236.6199951171875,269.010009765625,137.9199981689453,240.19000244140625,274.0,138.77999877929688,6574700,4775300,6257600
2026-08-06,240.0,276.0,140.08999633789062,240.3699951171875,276.8299865722656,140.52000427246094,231.3300018310547,271.760009765625,137.13999938964844,232.19000244140625,276.260009765625,138.44000244140625,7130500,4214900,8510300
2026-08-07,234.05999755859375,274.510009765625,137.5399932861328,235.60000610351562,276.8699951171875,139.49000549316406,230.86000061035156,273.2900085449219,137.14999389648438,234.4199981689453,274.4800109863281,139.02000427246094,4107500,4909700,4734000
2026-08-10,234.25,274.1400146484375,138.52000427246094,236.49000549316406,275.75,138.52000427246094,231.67999267578125,270.3599853515625,137.17999267578125,232.7899932861328,273.7200012207031,137.72999572753906,3678100,4742100,5883800
2026-08-11,235.61000061035156,273.2300109863281,137.00999450683594,237.11000061035156,274.2099914550781,138.50999450683594,232.8300018310547,271.32000732421875,136.89999389648438,233.24000549316406,274.1499938964844,138.41000366210938,2771900,3030600,5823900
2026-08-12,234.3000030517578,271.92999267578125,137.52000427246094,234.58999633789062,276.20001220703125,138.75,229.25,268.760009765625,136.72999572753906,231.1999969482422,275.70001220703125,138.6999969482422,3372800,4351700,5472700
2026-08-13,232.27000427246094,277.3800048828125,139.41000366210938,233.5800018310547,278.3699951171875,140.8300018310547,228.17999267578125,272.1499938964844,139.3300018310547,230.3300018310547,272.25,140.6199951171875,2971400,4023300,6246700
2026-08-14,231.6300048828125,272.3299865722656,140.6199951171875,233.42999267578125,275.3399963378906,141.27000427246094,229.8800048828125,271.2699890136719,140.1199951171875,231.6699981689453,272.8299865722656,140.7899932861328,2649100,2735400,3867000
2026-08-17,230.33999633789062,270.2200012207031,139.7100067138672,231.35000610351562,270.82000732421875,139.88999938964844,225.9499969482422,265.1400146484375,137.66000366210938,225.9499969482422,265.5299987792969,138.24000549316406,5020300,4911800,6856200
2026-08-18,225.10000610351562,267.4700012207031,140.36000061035156,226.11000061035156,270.2099914550781,140.8000030517578,222.5800018310547,266.8399963378906,139.0500030517578,223.05999755859375,266.989990234375,140.1300048828125,4772500,3089200,6224700
2026-08-19,223.50999450683594,266.3500061035156,140.8699951171875,224.1999969482422,271.8699951171875,143.6300048828125,220.1999969482422,266.0899963378906,140.6300048828125,222.1999969482422,267.45001220703125,142.5800018310547,5797500,5351600,6954200
2026-08-20,220.39999389648438,267.57000732421875,141.74000549316406,221.11000061035156,271.8800048828125,143.3699951171875,214.1199951171875,266.9100036621094,141.11000061035156,215.10000610351562,269.1300048828125,142.0800018310547,7860600,3526300,5350000
2026-08-21,215.6699981689453,269.29998779296875,142.6699981689453,216.4600067138672,271.25,143.55999755859375,212.75,268.1099853515625,141.63999938964844,214.1999969482422,270.95001220703125,143.47999572753906,6233400,3776000,6627600
2026-08-24,212.86000061035156,272.1499938964844,144.91000366210938,213.30999755859375,273.4200134277344,145.89999389648438,208.6999969482422,270.5899963378906,144.3800048828125,210.4600067138672,272.5400085449219,144.6699981689453,7144100,4115900,5997000
2026-08-25,212.5,272.4599914550781,143.72999572753906,212.94000244140625,272.6000061035156,143.8699951171875,210.11000061035156,267.9800109863281,142.0800018310547,211.0800018310547,268.1000061035156,142.27000427246094,4854600,3192700,10194100
2026-08-26,211.77999877929688,268.5,142.69000244140625,212.60000610351562,269.05999755859375,142.69000244140625,209.66000366210938,266.1099853515625,141.22000122070312,212.08999633789062,266.92999267578125,142.19000244140625,4365800,4182300,8577000
2026-08-27,211.50999450683594,265.489990234375,140.55999755859375,211.94000244140625,265.7300109863281,141.08999633789062,209.11000061035156,259.8500061035156,139.67999267578125,209.88999938964844,260.05999755859375,139.72000122070312,4455700,5980400,6241300
2026-08-28,209.99000549316406,261.3299865722656,140.66000366210938,210.61000061035156,265.1000061035156,141.2899932861328,207.5500030517578,260.32000732421875,139.99000549316406,209.82000732421875,265.0,141.07000732421875,4564100,3887300,5465100
2026-08-31,208.5,265.0,141.0399932861328,208.77000427246094,266.07000732421875,141.0399932861328,206.27000427246094,263.3900146484375,139.3300018310547,207.77999877929688,263.5400085449219,140.33999633789062,5212300,5244100,6555600
2026-09-01,206.6999969482422,262.75,141.19000244140625,208.11000061035156,264.5,141.42999267578125,205.5,260.739990234375,139.3699951171875,205.66000366210938,261.1099853515625,139.7899932861328,5010400,3701000,5529500
2026-09-02,207.0,261.9599914550781,140.27000427246094,210.64999389648438,262.7799987792969,141.7100067138672,206.4199981689453,260.17999267578125,139.3000030517578,208.8699951171875,260.95001220703125,140.52000427246094,6426300,5106800,7054500
2026-09-03,209.94000244140625,261.57000732421875,140.32000732421875,211.05999755859375,262.0899963378906,140.75,205.8300018310547,256.1199951171875,138.5800018310547,210.50999450683594,259.6300048828125,140.02000427246094,6252300,4576000,10320000
2026-09-04,209.44000244140625,258.010009765625,137.74000549316406,212.25999450683594,258.5,139.47000122070312,208.8000030517578,255.49000549316406,137.42999267578125,212.25,255.69000244140625,137.6300048828125,4585700,4225500,6138900
2026-09-08,212.10000610351562,254.38999938964844,137.0,215.2899932861328,256.80999755859375,138.97999572753906,210.58999633789062,254.27999877929688,137.0,210.72999572753906,255.80999755859375,138.4499969482422,4367800,4197600,10086300
2026-09-09,209.97999572753906,255.5,138.00999450683594,212.22000122070312,256.5,138.1199951171875,206.4199981689453,253.35000610351562,136.3300018310547,206.4199981689453,253.47999572753906,136.69000244140625,4374200,4434000,7371700
2026-09-10,205.74000549316406,255.0399932861328,137.5,208.82000732421875,255.55999755859375,137.7899932861328,204.6699981689453,252.5399932861328,136.47999572753906,204.8000030517578,253.0500030517578,136.64999389648438,4625300,4345400,7445600
2026-09-11,207.55999755859375,253.97999572753906,137.30999755859375,211.6199951171875,254.72999572753906,137.49000549316406,207.22000122070312,252.14999389648438,136.0399932861328,210.4499969482422,252.52999877929688,136.32000732421875,4137700,4096800,8767100
2026-09-14,208.2100067138672,254.27999877929688,138.0,211.88999938964844,258.45001220703125,138.8000030517578,207.97999572753906,254.27999877929688,136.14999389648438,210.27000427246094,257.489990234375,136.33999633789062,3380000,4165000,10764800
2026-09-15,210.8699951171875,257.7799987792969,135.77000427246094,212.39999389648438,257.7799987792969,136.02999877929688,208.64999389648438,252.6999969482422,134.75,209.69000244140625,252.77999877929688,135.5,3594300,4783500,8173500
2026-09-16,210.19000244140625,252.25999450683594,135.4199981689453,212.22000122070312,253.16000366210938,136.0500030517578,197.00999450683594,247.8300018310547,134.24000549316406,201.9600067138672,248.55999755859375,134.33999633789062,12877400,7134200,6880700
2026-09-17,202.25,250.3000030517578,134.77999877929688,203.63999938964844,250.60000610351562,134.91000366210938,197.0,248.10000610351562,132.92999267578125,197.0,248.47999572753906,133.66000366210938,11790500,4941900,10553600
2026-09-18,196.8300018310547,248.27000427246094,132.2100067138672,199.6300048828125,250.4499969482422,132.3000030517578,195.4600067138672,247.64999389648438,129.5500030517578,198.1999969482422,248.24000549316406,129.75,9834400,9577400,23539900
2026-09-21,200.4499969482422,249.41000366210938,129.64999389648438,202.1999969482422,250.3800048828125,130.22000122070312,198.1300048828125,246.52000427246094,127.9800033569336,201.14999389648438,247.8800048828125,129.58999633789062,6351800,6334600,12011300
2026-09-22,203.0,250.67999267578125,130.41000366210938,203.3300018310547,252.05999755859375,131.41000366210938,197.13999938964844,249.3699951171875,129.92999267578125,197.72000122070312,250.35000610351562,131.19000244140625,7837100,5016800,7740400
2026-09-23,197.97999572753906,250.2899932861328,131.08999633789062,204.07000732421875,250.32000732421875,131.38999938964844,197.97999572753906,234.02999877929688,129.22000122070312,199.92999267578125,238.32000732421875,130.17999267578125,10022900,16605700,8173400
2026-09-24,198.6199951171875,239.6999969482422,131.02000427246094,199.49000549316406,242.55999755859375,131.19000244140625,194.39999389648438,237.02000427246094,128.11000061035156,196.8000030517578,237.02000427246094,128.14999389648438,9615600,7387500,9642900
2026-09-25,197.75999450683594,236.77999877929688,127.75,201.39999389648438,238.0,128.72000122070312,196.8000030517578,235.2899932861328,126.9000015258789,198.07000732421875,236.5,128.6300048828125,5389700,6530000,6705400
2026-09-28,192.6199951171875,235.74000549316406,127.4800033569336,192.77000427246094,237.47999572753906,128.75,184.00999450683594,233.22999572753906,126.72000122070312,184.38999938964844,233.60000610351562,128.5,18053700,5365000,7512700
2026-09-29,185.3000030517578,232.1999969482422,126.51000213623047,190.91000366210938,236.00999450683594,128.94000244140625,185.0,232.05999755859375,126.41999816894531,187.67999267578125,233.97999572753906,128.69000244140625,10560400,5239500,8413900
2026-09-30,192.0500030517578,234.22999572753906,128.89999389648438,192.99000549316406,234.97000122070312,129.97999572753906,185.25,230.8800048828125,126.69999694824219,186.0500030517578,230.94000244140625,126.72000122070312,11562300,5575900,9807500
2026-10-01,186.0,231.5399932861328,126.94000244140625,194.55999755859375,232.83999633789062,127.30999755859375,185.55999755859375,229.61000061035156,125.52999877929688,192.27999877929688,231.8300018310547,125.5999984741211,13550000,5937100,8538700
2026-10-02,193.8699951171875,232.6999969482422,125.95999908447266,196.92999267578125,233.0,126.30000305175781,190.27000427246094,230.8300018310547,125.16000366210938,193.55999755859375,231.88999938964844,125.88999938964844,12642500,6425900,6091400
2026-10-05,194.60000610351562,231.89999389648438,125.8499984741211,195.22999572753906,233.0800018310547,126.05000305175781,191.33999633789062,229.1999969482422,124.22000122070312,192.72000122070312,233.0399932861328,125.6500015258789,6504600,5594000,8824200
2026-10-06,193.0,233.35000610351562,125.66000366210938,193.22999572753906,234.3000030517578,127.20999908447266,189.3300018310547,231.6999969482422,124.62999725341797,189.82000732421875,232.4499969482422,125.70999908447266,7710300,5638000,10019900
2026-10-07,188.17999267578125,231.85000610351562,125.93000030517578,188.83999633789062,233.97999572753906,126.44000244140625,186.1999969482422,230.60000610351562,123.47000122070312,188.32000732421875,230.8800048828125,123.7300033569336,6374100,4664100,13341100
2026-10-08,185.89999389648438,231.2100067138672,124.30500030517578,187.77000427246094,237.5,128.89999389648438,184.25,230.1999969482422,124.05000305175781,187.75,236.89999389648438,128.33999633789062,11334070,11320306,23968864
