date,open,open,high,high,low,low,close,close,volume,volume
2025-09-30,14.619999885559082,320.8299865722656,14.869999885559082,324.5,14.210000038146973,316.19000244140625,14.5,322.2099914550781,25824900,7798800
2025-10-01,15.079999923706055,332.4700012207031,15.369999885559082,343.7300109863281,14.25,331.20001220703125,14.59000015258789,338.4100036621094,31962300,13994800
2025-10-02,14.956000328063965,348.57000732421875,15.380000114440918,353.2200012207031,14.4350004196167,341.1499938964844,15.140000343322754,352.3299865722656,30563900,13666800
2025-10-03,15.614999771118164,350.8699951171875,16.545000076293945,358.5400085449219,15.430000305175781,344.3999938964844,15.9399995803833,351.6300048828125,39652000,12107900
2025-10-06,16.915000915527344,362.95001220703125,17.469999313354492,365.2099914550781,16.229999542236328,354.70001220703125,17.43000030517578,359.69000244140625,36834100,9551000
2025-10-07,18.0,358.8800048828125,18.8700008392334,359.44000244140625,16.815000534057617,328.1600036621094,17.959999084472656,328.3999938964844,47720100,19584100
2025-10-08,18.459999084472656,335.6199951171875,19.690000534057617,336.3599853515625,18.264999389648438,322.29998779296875,18.979999542236328,330.79998779296875,43561500,12996300
2025-10-09,19.260000228881836,327.3999938964844,20.579999923706055,328.989990234375,19.054000854492188,318.2200012207031,20.09000015258789,320.2900085449219,50271900,11213200
2025-10-10,21.049999237060547,323.17999267578125,22.1200008392334,323.42999267578125,18.760000228881836,303.57000732421875,19.280000686645508,304.7900085449219,62391400,13643700
2025-10-13,20.225000381469727,306.6700134277344,20.280000686645508,315.95001220703125,19.100000381469727,300.5899963378906,20.040000915527344,315.4700012207031,35295100,11575000
2025-10-14,19.155000686645508,301.0,22.68000030517578,312.7099914550781,18.81999969482422,297.3399963378906,21.979999542236328,300.6700134277344,50946600,11480500
2025-10-15,22.514999389648438,303.6000061035156,23.610000610351562,308.8800048828125,21.770000457763672,294.6199951171875,23.200000762939453,296.760009765625,45368400,10625600
2025-10-16,23.049999237060547,299.8999938964844,23.145000457763672,301.5799865722656,19.81999969482422,282.19000244140625,19.989999771118164,283.8399963378906,46991500,13817900
2025-10-17,18.610000610351562,279.2699890136719,19.84000015258789,292.79998779296875,18.334999084472656,279.0,19.524999618530273,289.8699951171875,30681200,13110700
2025-10-20,21.23200035095215,297.2099914550781,22.690000534057617,306.1600036621094,20.31999969482422,294.3999938964844,20.399999618530273,296.6099853515625,44490000,9679700
2025-10-21,20.239999771118164,293.95001220703125,20.350000381469727,305.989990234375,18.420000076293945,291.5199890136719,18.770000457763672,301.9100036621094,37933000,7902800
2025-10-22,18.100000381469727,293.0199890136719,18.729999542236328,297.9599914550781,16.229999542236328,276.6000061035156,16.860000610351562,280.80999755859375,36451900,15129500
2025-10-23,17.010000228881836,285.4700012207031,18.139999389648438,289.07000732421875,16.760000228881836,278.0,17.670000076293945,284.9200134277344,22929500,9082100
2025-10-24,18.399999618530273,290.42999267578125,19.389999389648438,292.1499938964844,18.219999313354492,286.1099853515625,19.364999771118164,289.0799865722656,24943500,7881700
2025-10-27,20.040000915527344,299.5,20.459999084472656,299.79998779296875,19.579999923706055,293.0,20.200000762939453,295.6300048828125,23545100,8135900
2025-10-28,19.899999618530273,295.1400146484375,20.864999771118164,297.20001220703125,19.125,284.25,19.149999618530273,284.6400146484375,24040800,7996800
2025-10-29,20.479999542236328,284.3800048828125,20.850000381469727,286.17999267578125,18.209999084472656,274.0,18.889999389648438,275.3599853515625,34180300,10184100
2025-10-30,18.18000030517578,269.989990234375,18.719999313354492,271.3699951171875,17.65399932861328,254.0,17.690000534057617,254.57000732421875,19537900,15564200
2025-10-31,18.200000762939453,269.9800109863281,18.375,276.32000732421875,17.375,263.0,17.799999237060547,269.510009765625,17901000,14071800
2025-11-03,18.844999313354492,264.19000244140625,19.299999237060547,270.3599853515625,16.790000915527344,259.8500061035156,17.420000076293945,264.6700134277344,31434200,11074600
2025-11-04,16.479999542236328,255.16000366210938,17.725000381469727,258.2099914550781,16.030000686645508,245.86000061035156,16.219999313354492,246.99000549316406,28439500,15735100
2025-11-05,16.309999465942383,250.1999969482422,16.94700050354004,255.36000061035156,16.149999618530273,247.02000427246094,16.579999923706055,255.0,20584600,9676200
2025-11-06,16.31999969482422,252.13999938964844,16.389999389648438,252.33999633789062,15.350000381469727,235.02999877929688,15.399999618530273,237.1999969482422,19517600,14468300
2025-11-07,14.84000015258789,222.66000366210938,15.59000015258789,243.72999572753906,14.0600004196167,219.67999267578125,15.569999694824219,241.92999267578125,27394100,16976100
2025-11-10,16.450000762939453,249.67999267578125,16.520000457763672,249.9600067138672,15.0,234.60000610351562,15.029999732971191,238.8800048828125,20225100,9527200
2025-11-11,14.135000228881836,236.4600067138672,14.390000343322754,239.24000549316406,13.520000457763672,230.5500030517578,14.045000076293945,231.35000610351562,80777800,8340300
2025-11-12,14.319999694824219,233.89999389648438,14.331999778747559,234.83999633789062,12.720000267028809,219.8000030517578,13.329999923706055,224.61000061035156,40071700,10800400
2025-11-13,12.984999656677246,223.8000030517578,13.199999809265137,226.0,11.829999923706055,207.02999877929688,11.979999542236328,208.5399932861328,35115500,16474500
2025-11-14,11.1899995803833,200.5800018310547,11.739999771118164,208.83999633789062,10.90999984741211,194.55999755859375,10.960000038146973,199.75,42467700,23233800
2025-11-17,10.710000038146973,197.02999877929688,11.140000343322754,204.14999389648438,10.359999656677246,189.52999877929688,10.609999656677246,195.4199981689453,28361700,19545000
2025-11-18,10.545000076293945,196.36000061035156,11.100000381469727,213.8300018310547,10.279999732971191,196.0,10.8100004196167,206.8000030517578,26168300,22049500
2025-11-19,10.729999542236328,202.36000061035156,11.050000190734863,203.9499969482422,10.050000190734863,181.72999572753906,10.220000267028809,186.5,27176600,28025400
2025-11-20,10.75,192.44000244140625,11.180000305175781,193.52999877929688,9.734999656677246,171.47999572753906,9.779999732971191,177.1300048828125,30056800,27684400
2025-11-21,9.8100004196167,172.74000549316406,9.925000190734863,181.19000244140625,9.0600004196167,166.30999755859375,9.729999542236328,170.5,28275000,29651300
2025-11-24,10.220000267028809,171.6199951171875,11.619999885559082,179.83999633789062,10.09000015258789,166.00999450683594,11.479999542236328,179.0399932861328,38188500,23282600
2025-11-25,11.029999732971191,173.7100067138672,11.920000076293945,176.75999450683594,10.791000366210938,166.77999877929688,11.819999694824219,172.19000244140625,45696200,19112700
2025-11-26,12.28499984741211,173.69000244140625,13.579999923706055,180.6300048828125,11.899999618530273,169.6999969482422,13.449999809265137,175.63999938964844,70374000,20016500
2025-11-28,14.239999771118164,182.99000549316406,15.539999961853027,187.2899932861328,14.010000228881836,175.0500030517578,15.100000381469727,177.17999267578125,51217300,15114300
2025-12-01,14.175000190734863,168.25999450683594,15.039999961853027,172.17999267578125,13.9399995803833,155.61000061035156,14.079999923706055,171.4199981689453,48973500,42940200
2025-12-02,14.619999885559082,177.75,14.989999771118164,188.3699951171875,13.680000305175781,176.88999938964844,13.710000038146973,181.3300018310547,40094000,31285600
2025-12-03,13.960000038146973,183.39999389648438,14.670000076293945,190.44000244140625,13.513999938964844,177.82000732421875,14.489999771118164,188.38999938964844,35396500,26686100
2025-12-04,14.40999984741211,186.02000427246094,15.260000228881836,191.0,14.020000457763672,182.35000610351562,15.029999732971191,186.00999450683594,33353300,16474400
2025-12-05,14.585000038146973,183.33999633789062,14.710000038146973,185.38999938964844,13.520000457763672,176.3000030517578,13.71500015258789,178.99000549316406,32891200,20750700
2025-12-08,13.920000076293945,182.10000610351562,14.079999923706055,185.58999633789062,13.520000457763672,178.0,13.890000343322754,183.69000244140625,19539400,16328100
2025-12-09,13.725000381469727,181.49000549316406,15.40999984741211,198.39999389648438,13.5600004196167,179.9199981689453,14.850000381469727,188.99000549316406,33085600,24269600
2025-12-10,14.484999656677246,189.32000732421875,15.119999885559082,191.07000732421875,13.96399974822998,182.1999969482422,14.529999732971191,184.63999938964844,31004000,22459000
2025-12-11,14.0649995803833,179.7899932861328,14.866999626159668,183.5,13.569999694824219,171.41000366210938,14.819999694824219,183.3000030517578,21837500,19542400
2025-12-12,14.6899995803833,182.97000122070312,15.484999656677246,185.25,13.989999771118164,176.22000122070312,14.029999732971191,176.4499969482422,37911200,14532100
2025-12-15,13.710000038146973,176.0,13.800000190734863,176.5,11.699999809265137,160.5399932861328,11.914999961853027,162.0800018310547,44850100,25393400
2025-12-16,11.949999809265137,164.97000122070312,12.3149995803833,171.49000549316406,11.529999732971191,161.9499969482422,11.859999656677246,167.5,22667600,21181000
2025-12-17,12.140000343322754,167.75,12.670000076293945,171.16000366210938,11.449999809265137,160.30999755859375,11.479999542236328,160.3800048828125,27643000,19144900
2025-12-18,11.914999961853027,167.80999755859375,12.281999588012695,169.50999450683594,11.149999618530273,157.42999267578125,11.199999809265137,158.24000549316406,25333700,17534700
2025-12-19,11.520000457763672,163.39999389648438,12.119999885559082,167.75,11.5,161.6300048828125,12.029999732971191,164.82000732421875,28192300,22062400
2025-12-22,12.515000343322754,168.82000732421875,13.0600004196167,170.6699981689453,12.020000457763672,163.69000244140625,12.100000381469727,164.32000732421875,27035200,19234500
2025-12-23,11.75,162.25,12.020000457763672,162.72999572753906,11.479999542236328,156.5,11.510000228881836,157.8800048828125,19183300,15891200
2025-12-24,11.430000305175781,157.1999969482422,11.5,159.27999877929688,11.199999809265137,155.10000610351562,11.399999618530273,158.7100067138672,9558000,7097600
2025-12-26,11.444999694824219,159.88999938964844,11.510000228881836,159.91000366210938,10.84000015258789,154.1199951171875,10.90999984741211,158.80999755859375,16510100,12298200
2025-12-29,10.694999694824219,157.9499969482422,11.305000305175781,162.92999267578125,10.649999618530273,155.32000732421875,10.720000267028809,155.38999938964844,14719500,14073500
2025-12-30,10.729999542236328,155.82000732421875,10.930000305175781,159.3800048828125,10.399999618530273,154.1300048828125,10.420000076293945,155.61000061035156,13217600,12740200
2025-12-31,10.430000305175781,156.24000549316406,10.579999923706055,156.8000030517578,9.979999542236328,151.4199981689453,10.119999885559082,151.9499969482422,17051600,15918100
2026-01-02,10.395000457763672,154.58999633789062,11.579999923706055,160.7899932861328,10.180000305175781,149.75,11.550000190734863,157.16000366210938,22151600,20185600
2026-01-05,12.220000267028809,163.4199981689453,12.550000190734863,167.6999969482422,11.989999771118164,160.9600067138672,12.300000190734863,164.72000122070312,33595900,22859000
2026-01-06,12.399999618530273,166.8800048828125,12.609999656677246,167.13999938964844,11.260000228881836,154.0500030517578,11.989999771118164,157.97000122070312,24555800,22627800
2026-01-07,11.649999618530273,163.4499969482422,12.0,170.16000366210938,11.373000144958496,158.4499969482422,11.930000305175781,161.8300018310547,19842300,28406900
2026-01-08,11.75,158.6300048828125,12.3100004196167,170.6199951171875,11.585000038146973,156.1699981689453,11.989999771118164,166.97000122070312,26434300,25159400
2026-01-09,12.109999656677246,166.75,12.359999656677246,167.1999969482422,11.545000076293945,155.4600067138672,11.609999656677246,157.3300018310547,24055900,27962600
2026-01-12,11.699999809265137,156.27000427246094,12.199999809265137,163.82000732421875,11.552000045776367,154.69000244140625,11.960000038146973,162.22999572753906,25456100,16182000
2026-01-13,12.239999771118164,164.4499969482422,12.84000015258789,173.75999450683594,12.079999923706055,159.92999267578125,12.550000190734863,172.99000549316406,29714800,27656200
2026-01-14,13.25,178.63999938964844,14.010000228881836,190.1999969482422,12.770000457763672,176.1199951171875,13.34000015258789,179.3300018310547,60398100,40257000
2026-01-15,13.239999771118164,179.1300048828125,13.531000137329102,179.25,12.729999542236328,170.08999633789062,12.729999542236328,170.91000366210938,36931300,21486500
2026-01-16,12.8149995803833,171.92999267578125,13.789999961853027,173.8800048828125,12.760000228881836,167.58999633789062,13.369999885559082,173.7100067138672,34508300,19462500
2026-01-20,12.600000381469727,165.1699981689453,13.34000015258789,165.72000122070312,12.25,158.85000610351562,12.760000228881836,160.22999572753906,30532600,25666700
2026-01-21,12.680000305175781,161.27000427246094,13.75,165.72000122070312,11.902000427246094,156.00999450683594,12.8100004196167,163.80999755859375,38352000,18440800
2026-01-22,12.984999656677246,163.72999572753906,13.385000228881836,164.63999938964844,12.760000228881836,159.44000244140625,13.1899995803833,160.97999572753906,26464500,11116000
2026-01-23,13.300000190734863,160.94000244140625,14.444999694824219,168.9600067138672,12.475000381469727,158.72000122070312,13.710000038146973,163.11000061035156,39380700,14879300
2026-01-26,13.5,159.41000366210938,13.520000457763672,163.9199981689453,12.3100004196167,158.6199951171875,12.4399995803833,160.5800018310547,42397400,14516500
2026-01-27,12.4399995803833,160.30999755859375,13.40999984741211,161.6699981689453,12.1899995803833,156.97999572753906,13.270000457763672,161.5800018310547,36174700,13962200
2026-01-28,13.40999984741211,164.4499969482422,13.899999618530273,165.72000122070312,13.175000190734863,157.0,13.449999809265137,158.4499969482422,30607700,14082600
2026-01-29,13.114999771118164,155.9499969482422,13.25,156.0,12.104999542236328,139.36000061035156,12.59000015258789,143.19000244140625,27992300,34618500
2026-01-30,12.289999961853027,140.0,12.5,151.14999389648438,11.5600004196167,139.89999389648438,11.84000015258789,149.7100067138672,24398300,22768000
2026-02-02,11.350000381469727,139.77000427246094,11.529999732971191,147.8800048828125,10.9399995803833,138.0,11.039999961853027,139.6300048828125,29116500,27171500
2026-02-03,11.114999771118164,140.13999938964844,12.0,140.22999572753906,10.680000305175781,126.73999786376953,11.359999656677246,133.25999450683594,33583700,26169000
2026-02-04,11.140000343322754,130.00999450683594,11.180000305175781,130.82000732421875,9.8100004196167,121.19000244140625,10.220000267028809,129.08999633789062,32970500,25775600
2026-02-05,9.619999885559082,120.25,10.0,122.0,8.260000228881836,104.16999816894531,8.265000343322754,106.98999786376953,43006000,60129700
2026-02-06,8.880000114440918,114.94999694824219,10.180000305175781,135.6699981689453,8.680000305175781,114.68000030517578,10.079999923706055,134.92999267578125,40922100,57771000
2026-02-09,9.614999771118164,127.37000274658203,10.260000228881836,139.5800018310547,9.614999771118164,125.12999725341797,10.1899995803833,138.44000244140625,38274700,34291600
2026-02-10,10.0,133.66000366210938,10.420000076293945,139.16000366210938,9.744999885559082,132.67999267578125,10.029999732971191,133.0,28626400,23002100
2026-02-11,10.0600004196167,133.69000244140625,10.09000015258789,133.91000366210938,9.420000076293945,123.91999816894531,9.619999885559082,126.06999969482422,29808900,25837800
2026-02-12,9.670000076293945,127.56999969482422,9.75,128.99000549316406,9.170000076293945,120.63999938964844,9.3100004196167,123.0,21335100,20960700
2026-02-13,9.725000381469727,127.0,10.300000190734863,135.25,9.300000190734863,125.76000213623047,9.850000381469727,133.8800048828125,28219400,24573900
2026-02-17,9.59000015258789,129.00999450683594,9.720000267028809,132.1199951171875,9.020000457763672,125.91000366210938,9.279999732971191,128.6699981689453,21331800,18881000
2026-02-18,9.199999809265137,127.62999725341797,9.520000457763672,132.25,8.979999542236328,123.62000274658203,9.270000457763672,125.19999694824219,23286300,17307700
2026-02-19,9.145000457763672,123.48999786376953,9.859999656677246,130.0399932861328,8.960000038146973,121.87000274658203,9.819999694824219,129.4499969482422,20632300,15457200
2026-02-20,9.75,130.50999450683594,10.175000190734863,136.13999938964844,9.430000305175781,129.41000366210938,9.649999618530273,131.0500030517578,21981300,17625400
2026-02-23,9.399999618530273,127.9000015258789,9.979999542236328,130.3800048828125,9.289999961853027,122.83000183105469,9.819999694824219,123.70999908447266,21151000,18858900
2026-02-24,9.625,121.70999908447266,10.600000381469727,126.73999786376953,9.59000015258789,118.4000015258789,10.350000381469727,124.61000061035156,25930900,15352700
2026-02-25,10.899999618530273,130.0500030517578,11.0600004196167,137.86000061035156,10.40999984741211,128.94000244140625,10.449999809265137,135.64999389648438,21577800,24152100
2026-02-26,10.3149995803833,133.6999969482422,10.489999771118164,135.75,9.930000305175781,128.63999938964844,10.4399995803833,133.39999389648438,18948800,18110800
2026-02-27,10.079999923706055,128.9499969482422,10.335000038146973,131.1199951171875,9.663000106811523,127.86000061035156,9.949999809265137,129.5,16570000,14027700
2026-03-02,9.640000343322754,129.13999938964844,10.739999771118164,140.13999938964844,9.539999961853027,128.94000244140625,10.550000190734863,137.64999389648438,19430500,25456100
2026-03-03,10.175000190734863,133.33999633789062,10.369999885559082,136.4600067138672,9.779999732971191,127.80000305175781,9.890000343322754,132.67999267578125,18109900,19405900
2026-03-04,10.359999656677246,143.8300018310547,10.850000381469727,149.5399932861328,10.130000114440918,142.19000244140625,10.65999984741211,146.44000244140625,21604800,37382600
2026-03-05,10.529999732971191,145.0399932861328,10.595000267028809,146.44000244140625,9.619999885559082,137.2100067138672,9.949999809265137,139.80999755859375,18248400,21286000
2026-03-06,9.645000457763672,134.89999389648438,9.710000038146973,136.36000061035156,9.119999885559082,131.77000427246094,9.210000038146973,133.52999877929688,16201800,19538800
2026-03-09,9.170000076293945,136.0,9.723999977111816,140.19000244140625,8.930000305175781,135.3000030517578,9.609999656677246,138.9499969482422,16346100,20433000
2026-03-10,9.729999542236328,141.92999267578125,10.069999694824219,142.4600067138672,9.550000190734863,133.94000244140625,9.630000114440918,138.4600067138672,14982100,18325000
2026-03-11,9.694999694824219,139.80999755859375,10.104999542236328,142.6699981689453,9.470000267028809,135.13999938964844,9.8100004196167,138.3300018310547,15643800,15637600
2026-03-12,9.529999732971191,137.16000366210938,9.630000114440918,138.8000030517578,9.220999717712402,133.3800048828125,9.550000190734863,137.33999633789062,13954100,15229400
2026-03-13,10.0,143.86000061035156,10.375,147.25999450683594,9.640000343322754,138.44000244140625,9.760000228881836,139.6699981689453,23592100,23685400
2026-03-16,10.239999771118164,145.35000610351562,10.420000076293945,148.24000549316406,9.800000190734863,143.30999755859375,10.020000457763672,147.52000427246094,19557100,22933200
2026-03-17,9.90999984741211,145.97000122070312,10.444999694824219,152.27000427246094,9.680000305175781,145.22999572753906,10.109999656677246,150.27999877929688,17497500,18448500
2026-03-18,9.949999809265137,144.99000549316406,10.244999885559082,146.75999450683594,9.800000190734863,140.35000610351562,9.880000114440918,140.55999755859375,16472200,21314100
2026-03-19,9.494999885559082,135.02000427246094,9.949999809265137,139.77999877929688,9.029999732971191,132.75999450683594,9.829999923706055,138.24000549316406,16884500,19227700
2026-03-20,9.789999961853027,139.47000122070312,9.914999961853027,139.69000244140625,9.104999542236328,134.1300048828125,9.399999618530273,135.66000366210938,25595200,28568300
2026-03-23,9.404999732971191,138.61000061035156,10.295000076293945,139.92999267578125,9.399999618530273,133.97000122070312,9.979999542236328,138.1999969482422,24168400,21633700
2026-03-24,9.875,138.72999572753906,10.1850004196167,140.0500030517578,9.4350004196167,134.27999877929688,9.579999923706055,136.25,18712900,19098500
2026-03-25,10.0600004196167,140.39999389648438,10.350000381469727,143.85000610351562,9.760000228881836,136.8000030517578,9.960000038146973,139.1300048828125,24787600,18708000
2026-03-26,9.720000267028809,136.5500030517578,10.024999618530273,139.0800018310547,9.234999656677246,132.69000244140625,9.300000190734863,132.92999267578125,16137300,15285500
2026-03-27,9.079999923706055,129.8800048828125,9.114999771118164,130.64999389648438,8.399999618530273,123.9800033569336,8.65999984741211,126.02999877929688,18394700,21475100
2026-03-30,8.899999618530273,129.5500030517578,9.0,130.33999633789062,8.0,120.80000305175781,8.180000305175781,121.44000244140625,19413700,15800400
2026-03-31,8.395000457763672,123.16000366210938,8.545000076293945,125.30000305175781,8.050000190734863,117.75,8.510000228881836,124.80000305175781,20276300,21290300
2026-04-01,8.704999923706055,126.18000030517578,8.920000076293945,126.30000305175781,8.53499984741211,121.44000244140625,8.619999885559082,122.77999877929688,16645500,15378300
2026-04-02,8.220000267028809,119.80000305175781,8.8100004196167,122.6500015258789,8.119999885559082,116.4000015258789,8.789999961853027,119.83000183105469,17574700,17609700
2026-04-06,8.899999618530273,124.56999969482422,9.279999732971191,128.4600067138672,8.880000114440918,123.19999694824219,9.100000381469727,127.69000244140625,17442200,18435900
2026-04-07,8.914999961853027,125.31999969482422,9.069999694824219,126.73999786376953,8.470000267028809,121.13999938964844,9.0600004196167,123.72000122070312,16543500,14284200
2026-04-08,9.854999542236328,133.6699981689453,10.09000015258789,134.5,9.354999542236328,126.12999725341797,9.880000114440918,128.3000030517578,27049400,17149200
2026-04-09,9.760000228881836,127.83000183105469,10.529999732971191,132.2100067138672,9.725000381469727,125.80000305175781,10.199999809265137,128.86000061035156,22935300,14497400
2026-04-10,10.289999961853027,130.0500030517578,10.5600004196167,132.27999877929688,9.859999656677246,127.4000015258789,10.020000457763672,128.63999938964844,16922300,13097500
2026-04-13,9.789999961853027,126.6500015258789,10.864999771118164,132.49000549316406,9.649999618530273,125.04000091552734,10.760000228881836,132.36000061035156,21642600,12804700
2026-04-14,11.234999656677246,137.92999267578125,11.869999885559082,143.6999969482422,11.199999809265137,136.32000732421875,11.270000457763672,137.41000366210938,23371900,20643200
2026-04-15,11.270000457763672,139.75,11.305000305175781,143.75,10.8100004196167,135.49000549316406,11.260000228881836,143.5399932861328,16731700,13941700
2026-04-16,11.484999656677246,143.2100067138672,11.510000228881836,149.16000366210938,10.824999809265137,139.3300018310547,11.420000076293945,148.94000244140625,16932400,17638000
2026-04-17,11.819999694824219,154.6300048828125,12.234999656677246,173.14999389648438,11.5600004196167,153.77000427246094,11.970000267028809,166.52000427246094,27916000,52173700
2026-04-20,11.574999809265137,162.3000030517578,12.149999618530273,171.05999755859375,11.5600004196167,160.63999938964844,12.050000190734863,170.80999755859375,18595000,22173500
2026-04-21,12.145000457763672,170.61000061035156,12.15999984741211,172.89999389648438,11.40999984741211,163.75,11.510000228881836,163.97000122070312,16383400,22153500
2026-04-22,12.095000267028809,174.92999267578125,12.630000114440918,183.25,12.0,174.0,12.210000038146973,179.36000061035156,22230100,31893900
2026-04-23,12.0600004196167,175.8800048828125,12.545000076293945,180.9199981689453,11.760000228881836,171.5399932861328,12.229999542236328,172.47000122070312,21278900,19559000
2026-04-24,12.545000076293945,176.8800048828125,13.225000381469727,177.27999877929688,12.545000076293945,169.00999450683594,12.760000228881836,171.02000427246094,26980700,14119400
2026-04-27,12.619999885559082,170.9199981689453,12.699999809265137,175.75,11.970000267028809,167.61000061035156,12.25,169.1999969482422,20401800,13295400
2026-04-28,11.779999732971191,163.8699951171875,11.90999984741211,166.83999633789062,11.359999656677246,159.67999267578125,11.789999961853027,165.7100067138672,13560100,13858700
2026-04-29,11.71500015258789,165.7100067138672,11.71500015258789,165.74000549316406,11.130000114440918,156.11000061035156,11.369999885559082,158.19000244140625,15647700,15146200
2026-04-30,11.510000228881836,161.77000427246094,12.890999794006348,166.83999633789062,11.510000228881836,159.0,12.529999732971191,165.4499969482422,26629700,12437800
2026-05-01,12.829999923706055,170.8000030517578,12.975000381469727,180.3800048828125,12.140000343322754,169.42999267578125,12.170000076293945,177.1699981689453,16407800,21661200
2026-05-04,12.279999732971191,180.89999389648438,13.015000343322754,186.00999450683594,12.119999885559082,178.49000549316406,12.819999694824219,183.8000030517578,21658200,18210200
2026-05-05,13.104999542236328,189.5500030517578,13.569000244140625,190.41000366210938,13.0,183.72000122070312,13.40999984741211,186.89999389648438,16912400,15512800
2026-05-06,13.78499984741211,184.57000732421875,14.630000114440918,188.25999450683594,13.649999618530273,178.94000244140625,14.5,186.82000732421875,27147100,14338600
2026-05-07,14.104000091552734,184.41000366210938,14.289999961853027,184.41000366210938,13.515000343322754,175.72000122070312,13.979999542236328,179.83999633789062,19788600,15918100
2026-05-08,14.0,178.67999267578125,14.449999809265137,187.77000427246094,13.569999694824219,177.60000610351562,14.199999809265137,187.58999633789062,15906800,15985200
2026-05-11,14.100000381469727,189.1999969482422,15.038000106811523,197.0,13.739999771118164,182.30999755859375,14.300000190734863,195.94000244140625,30223100,16063000
2026-05-12,13.154999732971191,191.3300018310547,14.34000015258789,192.24000549316406,12.399999618530273,179.85000610351562,13.470000267028809,184.4199981689453,31996500,14738500
2026-05-13,13.454000473022461,182.02999877929688,13.545000076293945,182.47999572753906,13.09000015258789,175.57000732421875,13.300000190734863,178.02999877929688,14651600,12480700
2026-05-14,13.520000457763672,177.85000610351562,14.119999885559082,193.0,13.15999984741211,174.63999938964844,13.979999542236328,186.97000122070312,16585800,15859400
2026-05-15,13.390000343322754,182.11000061035156,13.609999656677246,182.22999572753906,12.800000190734863,173.61000061035156,13.109999656677246,177.4199981689453,17558000,19654300
2026-05-18,13.680000305175781,169.17999267578125,13.930000305175781,169.17999267578125,12.670000076293945,162.02000427246094,13.4399995803833,166.6300048828125,23691300,19299700
2026-05-19,13.289999961853027,163.99000549316406,14.739999771118164,168.49000549316406,13.050000190734863,163.5,14.6899995803833,164.6300048828125,34402100,10002000
2026-05-20,15.039999961853027,166.0,16.34000015258789,169.22999572753906,14.600000381469727,163.25999450683594,15.399999618530273,165.80999755859375,41435100,9825300
2026-05-21,15.479999542236328,164.27999877929688,15.954999923706055,168.7100067138672,15.27400016784668,160.57000732421875,15.760000228881836,164.85000610351562,20583000,10526900
2026-05-22,15.819999694824219,164.08999633789062,16.655000686645508,165.66000366210938,15.710000038146973,159.24000549316406,15.970000267028809,159.88999938964844,21145800,12786800
2026-05-26,16.510000228881836,160.8300018310547,17.479999542236328,167.0,16.290000915527344,159.27999877929688,17.1299991607666,159.92999267578125,31872400,11819500
2026-05-27,17.3700008392334,156.75999450683594,18.260000228881836,157.5500030517578,16.649999618530273,153.82000732421875,18.040000915527344,154.1999969482422,28139700,11885100
2026-05-28,17.829999923706055,148.97999572753906,18.461999893188477,153.63999938964844,17.440000534057617,144.3000030517578,18.139999389648438,151.63999938964844,19244600,16275000
2026-05-29,18.049999237060547,149.92999267578125,18.34000015258789,162.05999755859375,17.079999923706055,148.1999969482422,18.290000915527344,159.08999633789062,22426600,19225600
2026-06-01,17.937999725341797,148.47000122070312,19.170000076293945,153.8699951171875,17.450000762939453,144.2899932861328,18.809999465942383,149.77999877929688,25170600,17780300
2026-06-02,18.344999313354492,142.69000244140625,19.084999084472656,142.8000030517578,17.399999618530273,134.11000061035156,17.579999923706055,136.0800018310547,26587900,31130800
2026-06-03,17.684999465942383,134.5,18.270000457763672,138.17999267578125,17.329999923706055,125.0,17.610000610351562,126.55000305175781,22735300,21141800
2026-06-04,16.81999969482422,126.75,17.165000915527344,131.47000122070312,16.325000762939453,125.6500015258789,16.780000686645508,129.3699951171875,18454000,24590400
2026-06-05,16.049999237060547,124.25,16.065000534057617,125.30000305175781,14.060999870300293,114.30999755859375,15.59000015258789,120.44000244140625,39577200,41943500
2026-06-08,15.885000228881836,125.83999633789062,16.924999237060547,129.0,15.670000076293945,123.1500015258789,16.520000457763672,127.19999694824219,20972100,20952000
2026-06-09,16.579999923706055,122.8499984741211,17.246999740600586,125.55000305175781,15.130000114440918,114.20999908447266,15.970000267028809,117.0199966430664,25129200,23055700
2026-06-10,15.529999732971191,116.30000305175781,16.350000381469727,120.94000244140625,14.899999618530273,115.0,14.899999618530273,115.3499984741211,21432500,15690800
2026-06-11,14.8100004196167,116.11000061035156,16.190000534057617,121.0999984741211,14.770000457763672,113.2699966430664,16.170000076293945,120.1500015258789,18717600,17574200
2026-06-12,16.239999771118164,119.48999786376953,17.174999237060547,128.60000610351562,16.0,117.2699966430664,16.479999542236328,123.97000122070312,19487900,16772200
2026-06-15,17.415000915527344,133.22000122070312,17.780000686645508,136.25,17.03499984741211,130.6300048828125,17.139999389648438,131.13999938964844,19689800,19982400
2026-06-16,16.989999771118164,129.3800048828125,18.100000381469727,131.6999969482422,16.959999084472656,122.5,17.260000228881836,122.80999755859375,17604400,17795600
2026-06-17,17.200000762939453,123.01000213623047,18.010000228881836,125.41999816894531,16.739999771118164,116.36000061035156,16.780000686645508,116.55999755859375,16710500,18052900
2026-06-18,17.31999969482422,117.63999938964844,17.469999313354492,117.75,16.809999465942383,107.8499984741211,17.239999771118164,112.52999877929688,19158000,35530700
2026-06-22,17.450000762939453,116.20999908447266,19.049999237060547,120.0,17.15999984741211,107.30999755859375,17.450000762939453,109.45999908447266,30281700,25287400
2026-06-23,16.559999465942383,106.54000091552734,18.530000686645508,107.76000213623047,16.440000534057617,103.5199966430664,17.190000534057617,103.83999633789062,20899700,22502900
2026-06-24,17.600000381469727,102.4800033569336,17.860000610351562,102.97000122070312,15.65999984741211,92.27999877929688,16.229999542236328,94.12999725341797,19535500,40121100
2026-06-25,16.739999771118164,94.69000244140625,17.065000534057617,94.72000122070312,15.1899995803833,85.0,15.869999885559082,85.33000183105469,22729100,45066500
2026-06-26,15.390000343322754,83.2300033569336,16.44499969482422,87.66999816894531,14.949999809265137,81.80999755859375,16.329999923706055,82.30999755859375,19973600,45680000
2026-06-29,16.59000015258789,85.66999816894531,16.950000762939453,94.37000274658203,14.880000114440918,82.72000122070312,15.369999885559082,92.68000030517578,18788900,44931500
2026-06-30,14.920000076293945,86.20999908447266,15.083000183105469,88.26000213623047,14.36299991607666,83.41999816894531,14.550000190734863,86.93000030517578,16035600,35676600
2026-07-01,14.28499984741211,87.69999694824219,14.319999694824219,98.52999877929688,13.600000381469727,86.19999694824219,13.619999885559082,93.38999938964844,19134600,34687100
2026-07-02,13.649999618530273,99.8499984741211,13.850000381469727,104.11000061035156,12.279999732971191,97.56999969482422,12.619999885559082,100.7699966430664,20514200,34625800
2026-07-06,13.010000228881836,95.13999938964844,13.96500015258789,104.77999877929688,13.0,94.62999725341797,13.510000228881836,100.7699966430664,16755900,27536200
2026-07-07,13.079999923706055,101.18000030517578,13.279999732971191,103.55999755859375,12.050000190734863,96.95999908447266,12.479999542236328,97.36000061035156,14482000,18218000
2026-07-08,12.270000457763672,93.68000030517578,12.710000038146973,95.04000091552734,11.944999694824219,91.77999877929688,12.399999618530273,93.87000274658203,11396600,17801100
2026-07-09,13.050000190734863,94.05999755859375,13.244999885559082,96.80000305175781,12.619999885559082,92.83000183105469,12.890000343322754,93.88999938964844,15179300,13822800
2026-07-10,13.039999961853027,98.76000213623047,13.270000457763672,100.12000274658203,12.399999618530273,93.3499984741211,12.850000381469727,94.63999938964844,13319500,16284500
2026-07-13,12.447999954223633,91.48999786376953,12.760000228881836,93.63999938964844,12.020000457763672,90.0199966430664,12.359999656677246,92.0999984741211,11881200,12682300
2026-07-14,14.6850004196167,94.76000213623047,15.100000381469727,98.02999877929688,12.800000190734863,93.55999755859375,13.449999809265137,97.58000183105469,76378300,18043700
2026-07-15,13.819999694824219,99.79000091552734,14.859999656677246,101.94999694824219,13.119999885559082,96.36000061035156,14.130000114440918,97.47000122070312,43415700,14584900
2026-07-16,13.829999923706055,96.0,14.194999694824219,96.61000061035156,12.760000228881836,93.44999694824219,12.899999618530273,94.02999877929688,26074400,11365100
2026-07-17,12.350000381469727,91.30000305175781,13.199999809265137,95.97000122070312,12.149999618530273,90.05999755859375,13.029999732971191,94.8499984741211,22094900,13064500
2026-07-20,13.5,95.62000274658203,15.119999885559082,100.91999816894531,13.430000305175781,94.86000061035156,14.420000076293945,97.81999969482422,29984800,16170500
2026-07-21,14.800000190734863,101.30999755859375,15.694999694824219,104.5999984741211,14.670000076293945,99.94999694824219,15.380000114440918,101.94999694824219,28482900,20223500
2026-07-22,15.029999732971191,100.05999755859375,15.675000190734863,101.94999694824219,14.875,98.12000274658203,15.324999809265137,100.01000213623047,16337500,13066300
2026-07-23,15.140000343322754,97.0,16.100000381469727,97.51000213623047,15.09000015258789,92.33999633789062,15.609999656677246,93.62999725341797,24116500,17186400
2026-07-24,15.420000076293945,93.37000274658203,15.460000038146973,93.68000030517578,14.5,89.76000213623047,14.520000457763672,91.66999816894531,17450100,13088100
2026-07-27,14.819999694824219,94.54000091552734,14.850000381469727,99.16000366210938,13.6899995803833,94.0199966430664,14.024999618530273,98.6500015258789,15985200,17633500
2026-07-28,13.5,95.47000122070312,13.729999542236328,98.37000274658203,12.649999618530273,93.12000274658203,13.479999542236328,96.16000366210938,21729300,13353300
2026-07-29,13.26200008392334,96.37999725341797,13.359999656677246,100.05000305175781,11.829999923706055,93.2699966430664,12.010000228881836,93.33000183105469,24965900,14243200
2026-07-30,12.96399974822998,95.08999633789062,14.835000038146973,98.22000122070312,12.890000343322754,94.33000183105469,14.539999961853027,97.73999786376953,30563400,13472200
2026-07-31,15.03499984741211,94.86000061035156,15.109999656677246,95.19999694824219,13.555000305175781,89.20999908447266,13.760000228881836,93.27999877929688,19477000,20678300
2026-08-03,13.510000228881836,92.01000213623047,14.734999656677246,96.05999755859375,13.220000267028809,90.93000030517578,14.649999618530273,94.86000061035156,19278600,13894600
2026-08-04,14.350000381469727,93.91000366210938,14.8100004196167,97.9800033569336,13.920000076293945,93.4000015258789,14.170000076293945,97.6500015258789,26480800,15220800
2026-08-05,14.204999923706055,97.91999816894531,14.404999732971191,99.2300033569336,13.475000381469727,96.12000274658203,13.5,98.37000274658203,16883100,13695600
2026-08-06,13.09000015258789,96.05999755859375,13.494999885559082,98.37999725341797,12.510000228881836,95.44000244140625,12.75,96.8499984741211,22866400,10128700
2026-08-07,13.970000267028809,101.33999633789062,14.010000228881836,105.5,12.079999923706055,96.7699966430664,12.300000190734863,100.01000213623047,23422200,29002700
2026-08-10,12.289999961853027,99.45999908447266,12.329999923706055,100.7699966430664,11.59000015258789,96.23999786376953,11.59000015258789,97.33000183105469,17449200,13560300
2026-08-11,12.199999809265137,97.4000015258789,12.279999732971191,99.26000213623047,11.479999542236328,95.13999938964844,11.520000457763672,96.08999633789062,19246600,12159900
2026-08-12,12.140000343322754,97.16000366210938,12.359999656677246,97.88999938964844,11.859999656677246,94.5999984741211,12.180000305175781,94.83000183105469,17832000,11468100
2026-08-13,11.899999618530273,94.83000183105469,12.630000114440918,98.87999725341797,11.40999984741211,94.27999877929688,11.520000457763672,97.0999984741211,24967700,18336800
2026-08-14,11.3149995803833,94.9800033569336,12.199999809265137,95.08000183105469,11.270000457763672,91.66999816894531,12.09000015258789,93.04000091552734,19864400,20678800
2026-08-17,12.029999732971191,93.25,12.545000076293945,98.56999969482422,11.930000305175781,93.08000183105469,12.399999618530273,97.68000030517578,17991200,20353400
2026-08-18,12.109999656677246,95.83999633789062,12.20199966430664,97.66000366210938,11.489999771118164,92.44999694824219,11.729999542236328,92.5199966430664,16828100,16911000
2026-08-19,11.734999656677246,94.54000091552734,12.204999923706055,106.9000015258789,11.024999618530273,94.30000305175781,11.670000076293945,104.25,25132500,49175200
2026-08-20,12.380000114440918,113.2300033569336,12.75,113.73999786376953,12.0,108.3499984741211,12.600000381469727,112.38999938964844,27637900,47249100
2026-08-21,13.145000457763672,119.69000244140625,13.34000015258789,121.91000366210938,11.725000381469727,115.80000305175781,11.979999542236328,119.25,28225800,46364300
2026-08-24,11.850000381469727,121.83999633789062,12.414999961853027,127.9000015258789,11.699999809265137,119.37999725341797,11.930000305175781,122.62999725341797,18683500,41298800
2026-08-25,11.869999885559082,119.11000061035156,12.895000457763672,128.66000366210938,11.800000190734863,118.44999694824219,12.75,126.83000183105469,18833600,31722400
2026-08-26,12.420000076293945,123.26000213623047,12.664999961853027,125.54000091552734,12.050000190734863,120.87000274658203,12.180000305175781,123.19000244140625,15196400,17032300
2026-08-27,12.5,126.7699966430664,13.315999984741211,139.77999877929688,12.359999656677246,124.47000122070312,12.949999809265137,137.39999389648438,19050200,44380800
2026-08-28,12.579999923706055,134.0,12.65999984741211,135.97000122070312,11.515000343322754,126.33999633789062,11.65999984741211,127.30999755859375,20065900,31279400
2026-08-31,11.609999656677246,128.57000732421875,11.649999618530273,133.3800048828125,11.3100004196167,125.73999786376953,11.619999885559082,132.94000244140625,10323900,24230500
2026-09-01,11.319999694824219,128.02999877929688,11.449999809265137,129.89999389648438,10.949999809265137,123.58999633789062,11.0600004196167,124.87999725341797,11974700,22289000
2026-09-02,10.890000343322754,123.3499984741211,11.390000343322754,124.66000366210938,10.770000457763672,121.37999725341797,11.329999923706055,123.19000244140625,10457700,14852200
2026-09-03,11.420000076293945,127.98999786376953,12.65999984741211,144.9199981689453,11.3100004196167,127.58000183105469,12.579999923706055,144.82000732421875,23534000,45245400
2026-09-04,12.260000228881836,137.35000610351562,12.755000114440918,144.39999389648438,12.260000228881836,137.07000732421875,12.6899995803833,142.8000030517578,15842500,27162700
2026-09-08,12.699999809265137,137.6199951171875,13.6899995803833,139.30999755859375,12.529999732971191,135.3800048828125,13.479999542236328,136.52000427246094,18709600,19904000
2026-09-09,13.729999542236328,141.82000732421875,13.8100004196167,141.97999572753906,13.180000305175781,132.58999633789062,13.279999732971191,132.6999969482422,14087700,17359700
2026-09-10,12.869999885559082,128.44000244140625,13.489999771118164,131.8800048828125,12.579999923706055,126.91000366210938,12.800000190734863,128.55999755859375,13571800,14529500
2026-09-11,12.970000267028809,130.6699981689453,14.029999732971191,137.88999938964844,12.829999923706055,129.27999877929688,13.670000076293945,130.97000122070312,21641400,19473000
2026-09-14,12.765000343322754,130.89999389648438,13.645000457763672,137.50999450683594,12.579999923706055,130.72999572753906,13.270000457763672,136.94000244140625,18549400,18712900
2026-09-15,13.069999694824219,131.67999267578125,13.170000076293945,134.0,12.359999656677246,125.44000244140625,12.619999885559082,129.60000610351562,15287700,23136900
2026-09-16,12.84000015258789,130.02000427246094,13.225000381469727,130.4199981689453,12.4399995803833,123.33000183105469,12.789999961853027,126.18000030517578,14524900,22226100
2026-09-17,13.470000267028809,129.89999389648438,13.670000076293945,133.4199981689453,12.609999656677246,127.79000091552734,13.350000381469727,132.25,17843100,18591700
2026-09-18,13.770000457763672,136.5800018310547,14.489999771118164,154.02000427246094,13.390000343322754,136.17999267578125,14.470000267028809,153.9199981689453,29674700,54674100
2026-09-21,15.114999771118164,164.5800018310547,15.180000305175781,169.52000427246094,14.680000305175781,164.49000549316406,14.760000228881836,168.5,23239400,41898400
2026-09-22,14.5,167.5500030517578,15.265000343322754,171.19000244140625,14.359999656677246,167.25,15.140000343322754,167.3300018310547,16802000,23855700
2026-09-23,15.020000457763672,167.22999572753906,15.220000267028809,169.5,14.430000305175781,161.83999633789062,14.460000038146973,162.1999969482422,16916700,21238100
2026-09-24,14.09000015258789,161.00999450683594,14.75,165.13999938964844,13.979999542236328,158.2899932861328,14.260000228881836,161.61000061035156,17933100,16938200
2026-09-25,14.279999732971191,162.83999633789062,14.279999732971191,162.86000061035156,13.479999542236328,156.77999877929688,13.949999809265137,158.61000061035156,17283000,18529100
2026-09-28,13.8100004196167,157.75999450683594,13.979999542236328,161.72000122070312,13.319999694824219,155.05999755859375,13.34000015258789,157.13999938964844,11425900,16368800
2026-09-29,13.619999885559082,161.6300048828125,13.739999771118164,161.6300048828125,13.220000267028809,152.33999633789062,13.3100004196167,154.6699981689453,12340400,16251200
2026-09-30,13.604999542236328,160.82000732421875,13.699999809265137,163.52999877929688,12.880000114440918,152.02000427246094,12.971099853515625,154.13999938964844,7196848,13107369
