symbol,name,country,date,latest_date,day_offset,entry_price,last_close,change_pct,trading_value,volume_ratio,rsi14,ret_5d,near_20d_high,candidate_score,target_1,target_2,ret_since,hit_1,hit_2,max_high_after
HIMS,Hims & Hers Health,미국,2026-10-09,2026-10-09,0,30.920000076293945,30.920000076293945,10.192447130381698,493069089.65662956,1.5488262311331584,56.52534853884171,0.06620689918254974,0.9720213956431744,81.12046045379198,34.01,37.1,0.0,False,False,
SNOW,Snowflake,미국,2026-10-09,2026-10-09,0,368.8900146484375,368.8900146484375,7.422836693362589,2959440431.4678955,1.9153730824540076,69.87870292911121,0.08166199098557447,0.9995935565439753,78.3666804810618,405.78,442.67,0.0,False,False,
PLTR,Palantir,미국,2026-10-09,2026-10-09,0,209.0500030517578,209.0500030517578,5.166517927119818,7816350138.054794,1.5534751056514031,82.62948399725204,0.10754968504242557,0.9987578495539222,70.36569332290733,229.96,250.86,0.0,False,False,
WMT,Walmart,미국,2026-10-09,2026-10-09,0,111.3499984741211,111.3499984741211,0.7145449827896888,1316570424.5084457,0.5293207417807133,60.07211169018308,0.06800303273182884,0.9985651182939276,70.12268973901757,122.48,133.62,0.0,False,False,
TSLA,Tesla,미국,2026-10-09,2026-10-09,0,382.70001220703125,382.70001220703125,2.0533365885416766,14861924205.952698,1.0836701244810008,54.95183436215757,0.03267766531425509,0.9849187116831839,69.178484475098,420.97,459.24,0.0,False,False,
NU,Nu Holdings,미국,2026-10-09,2026-10-09,0,16.1200008392334,16.1200008392334,4.811448109793326,1215179568.54422,0.8825432656891782,65.74923877394812,0.20029787586981063,0.9987609323933515,69.12835500720516,17.73,19.34,0.0,False,False,
DIS,Walt Disney,미국,2026-10-09,2026-10-09,0,108.05000305175781,108.05000305175781,0.9624429461782658,766520011.7995453,0.7838271962140411,62.733325839576295,0.05734416743664883,0.9874794814465979,68.95011162240942,118.86,129.66,0.0,False,False,
XOM,Exxon Mobil,미국,2026-10-09,2026-10-09,0,108.05000305175781,108.05000305175781,0.9624429461782658,766520011.7995453,0.7838271962140411,62.733325839576295,0.05734416743664883,0.9874794814465979,68.95011162240942,118.86,129.66,0.0,False,False,
AMZN,Amazon,미국,2026-10-09,2026-10-09,0,262.42999267578125,262.42999267578125,3.294495472573211,8794104109.543335,0.905679016533847,54.608586750949165,0.04337622542142605,0.9985921037504805,68.7816335139075,288.67,314.92,0.0,False,False,
MSFT,Microsoft,미국,2026-10-09,2026-10-09,0,262.42999267578125,262.42999267578125,3.294495472573211,8794104109.543335,0.905679016533847,54.608586750949165,0.04337622542142605,0.9985921037504805,68.7816335139075,288.67,314.92,0.0,False,False,
NVDA,NVIDIA,미국,2026-10-09,2026-10-09,0,262.42999267578125,262.42999267578125,3.294495472573211,8794104109.543335,0.905679016533847,54.608586750949165,0.04337622542142605,0.9985921037504805,68.7816335139075,288.67,314.92,0.0,False,False,
UBER,Uber,미국,2026-10-09,2026-10-09,0,71.51000213623047,71.51000213623047,1.8080926980153178,1182088081.1927185,0.9857536360485257,52.827025408751574,0.049919270230665225,0.9822397532705227,68.37428733618451,78.66,85.81,0.0,False,False,
UNH,UnitedHealth,미국,2026-10-09,2026-10-09,0,379.29998779296875,379.29998779296875,2.25097056507908,2823138153.742798,1.4776678551173485,51.58758622072282,0.01989780591000523,0.9788639638498726,67.77690870131846,417.23,455.16,0.0,False,False,
6758.T,Sony Group,일본,2026-10-09,2026-10-09,0,3814.0,3814.0,2.9141932002158644,59728384200.0,1.154036193743195,58.064516129032256,0.016253663735678048,0.9947835159102765,67.59889640553742,4195.4,4576.8,0.0,False,False,
DIS,Walt Disney,미국,2026-10-08,2026-10-09,1,107.0199966430664,108.05000305175781,2.1670612344309337,1527314478.0921936,1.575429077652085,64.00514062790923,0.05615311071935558,0.9780661527504937,74.49670599332345,117.72,128.42,0.9624429461782658,False,False,108.3499984741211
XOM,Exxon Mobil,미국,2026-10-08,2026-10-09,1,107.0199966430664,108.05000305175781,2.1670612344309337,1527314478.0921936,1.575429077652085,64.00514062790923,0.05615311071935558,0.9780661527504937,74.49670599332345,117.72,128.42,0.9624429461782658,False,False,108.3499984741211
WMT,Walmart,미국,2026-10-08,2026-10-09,1,110.55999755859375,111.3499984741211,2.2189291930702293,2627756853.9733887,1.0516790771939444,59.9068606497494,0.060425813286781205,0.993976393256145,73.4602413869235,121.62,132.67,0.7145449827896888,False,False,111.51000213623047
NU,Nu Holdings,미국,2026-10-08,2026-10-09,1,15.380000114440918,16.1200008392334,-1.2836958295540324,1267785713.4334564,0.9705678708887627,63.92915044511711,0.15726111050315472,0.974034208460885,71.66465434123809,16.92,18.46,4.811448109793326,False,False,16.139999389648438
PYPL,PayPal,미국,2026-10-08,2026-10-09,1,55.02000045776367,55.529998779296875,0.12738797789322298,771176832.416153,1.1839136139971813,64.64644951034077,0.036939295773544156,0.9905482450537705,70.14344130486967,60.52,66.02,0.9269326013995771,False,False,55.68000030517578
TSLA,Tesla,미국,2026-10-08,2026-10-09,1,375.0,382.70001220703125,-0.7437594496577438,10648087500.0,0.8020722037007875,56.87380427230354,0.05899301209396213,0.9694181242847997,69.30976640365371,412.5,450.0,2.0533365885416766,False,False,388.55999755859375
SMCI,Super Micro Computer,미국,2026-10-08,2026-10-09,1,42.77000045776367,41.85499954223633,-4.828656509249707,1661058507.7781677,1.0416705781503715,63.43066103984772,0.020276773042610774,0.9344548837667506,69.30736157521815,47.05,51.32,-2.1393521293761264,False,False,43.45000076293945
V,Visa,미국,2026-10-08,2026-10-09,1,375.1000061035156,385.45001220703125,0.8062348698713695,2403153209.1033936,1.036189065243181,58.167410877680986,0.04237876821270126,0.9871312817270705,69.07721100798784,412.61,450.12,2.7592657784866415,False,False,386.8399963378906
PLTR,Palantir,미국,2026-10-08,2026-10-09,1,198.77999877929688,209.0500030517578,2.400578909604967,8322004160.894775,1.8226474130648156,80.23457348905805,0.045990348357909605,0.9723145979528562,68.09546145584777,218.66,238.54,5.166517927119818,False,False,209.30999755859375
LLY,Eli Lilly,미국,2026-10-08,2026-10-09,1,1169.5999755859375,1179.27001953125,-1.6084524184344362,3614648724.54834,1.3450260583838363,54.707154074500984,0.017176153776005343,0.9626337247620885,67.54311632838524,1286.56,1403.52,0.8267821603252123,False,False,1179.8199462890625
AAPL,Apple,미국,2026-10-08,2026-10-09,1,340.4200134277344,336.6400146484375,1.1138503134924926,12027856082.434082,0.9197415371239399,55.07213746710282,0.030576428552818946,0.9857532201241399,67.3525839346671,374.46,408.5,-1.1103926415005905,False,False,338.6099853515625
AVGO,Broadcom,미국,2026-10-08,2026-10-09,1,360.1400146484375,361.5400085449219,-4.347824677324708,9776072725.634766,1.119324146792229,51.35979173391488,0.04801536287000929,0.9456465132640963,67.3436142624868,396.15,432.17,0.3887360025380815,False,False,366.6300048828125
XYZ,Block,미국,2026-10-08,2026-10-09,1,75.2300033569336,77.23999786376953,-1.104241279427498,631962120.199585,2.0168325472462545,46.7043490379932,0.016072426076330526,0.9337222743190148,66.66875178149711,82.75,90.28,2.671799039140521,False,False,77.68000030517578
PEP,PepsiCo,미국,2026-10-08,2026-10-09,1,128.33999633789062,125.97000122070312,3.725848909628038,3080275418.106079,2.291219279123527,45.55765159250734,0.021815269881027,0.9246397227385744,66.46366266746827,141.17,154.01,-1.8466535646049387,False,False,127.0969009399414
NU,Nu Holdings,미국,2026-10-07,2026-10-09,2,15.579999923706055,16.1200008392334,-0.5108552010572032,1283701629.7138214,0.9736972735798013,64.03225449195929,0.23064771812701368,0.9910941258941076,73.27761756236397,17.14,18.7,3.4659879215127365,False,False,16.139999389648438
SMCI,Super Micro Computer,미국,2026-10-07,2026-10-09,2,44.939998626708984,41.85499954223633,3.4054292991577695,1821916978.3252716,1.1052614360375244,67.9437106842268,0.09422933919262921,0.9818658111699036,72.6543626201582,49.43,53.93,-6.864706672774934,False,False,44.33000183105469
PYPL,PayPal,미국,2026-10-07,2026-10-09,2,54.95000076293945,55.529998779296875,0.6225968664857362,590558648.1994629,0.9181211287374595,60.72571990626522,0.04606895183474369,0.9892880110609399,70.3840814319231,60.45,65.94,1.0555013799901536,False,False,55.68000030517578
AMZN,Amazon,미국,2026-10-07,2026-10-09,2,259.9200134277344,262.42999267578125,1.4163661328124855,9415810422.43042,1.0061991330351976,62.054678723101205,0.0432270511542725,0.9991542968850815,69.98106837745674,285.91,311.9,0.9656737143654892,False,False,262.79998779296875
MSFT,Microsoft,미국,2026-10-07,2026-10-09,2,259.9200134277344,262.42999267578125,1.4163661328124855,9415810422.43042,1.0061991330351976,62.054678723101205,0.0432270511542725,0.9991542968850815,69.98106837745674,285.91,311.9,0.9656737143654892,False,False,262.79998779296875
NVDA,NVIDIA,미국,2026-10-07,2026-10-09,2,259.9200134277344,262.42999267578125,1.4163661328124855,9415810422.43042,1.0061991330351976,62.054678723101205,0.0432270511542725,0.9991542968850815,69.98106837745674,285.91,311.9,0.9656737143654892,False,False,262.79998779296875
TSLA,Tesla,미국,2026-10-07,2026-10-09,2,377.80999755859375,382.70001220703125,-0.7539127803944834,9669895763.513184,0.7216751810348863,57.522339471382224,0.064823427068742,0.9766822911181245,69.69042758854121,415.59,453.37,1.2943052539733602,False,False,388.55999755859375
RKLB,Rocket Lab,미국,2026-10-07,2026-10-09,2,71.91999816894531,68.20999908447266,-4.183319333573488,1474410306.4620972,0.9609614536365992,56.7081115479205,0.032146926721571045,0.9187531845997725,69.46340264434534,79.11,86.3,-5.158508313303345,False,False,71.6500015258789
RBLX,Roblox,미국,2026-10-07,2026-10-09,2,46.40999984741211,48.09000015258789,1.8656682363916488,584784562.0773315,1.0436272016936041,47.139107096478604,0.09535050784452848,0.8931870797757757,69.13101240446596,51.05,55.69,3.6199101717287796,False,False,49.05500030517578
LLY,Eli Lilly,미국,2026-10-07,2026-10-09,2,1188.719970703125,1179.27001953125,2.698077800433185,2738216452.5146484,1.0269819614976505,61.44912484533207,0.027344708965766573,0.978370346257716,68.10520575881614,1307.59,1426.46,-0.7949686557621627,False,False,1186.0899658203125
PANW,Palo Alto Networks,미국,2026-10-07,2026-10-09,2,405.57000732421875,418.7799987792969,-3.4150166018501515,1577423986.4868164,0.6324191650941824,61.84854748179611,0.020789836189326838,0.9381028841875768,67.08297295853131,446.13,486.68,3.2571421003816603,False,False,419.5
WMT,Walmart,미국,2026-10-07,2026-10-09,2,108.16000366210938,111.3499984741211,0.8955286764893211,1744826363.0767822,0.724374021250442,54.031788370907734,0.04080066943680061,0.9723995360768561,65.63589230854878,118.98,129.79,2.94932942308066,False,False,111.51000213623047
CRWD,CrowdStrike,미국,2026-10-07,2026-10-09,2,265.44000244140625,275.0400085449219,-4.812444816432693,2337252309.4970703,0.8346481547395895,61.83454302917156,0.0026062415161709485,0.9249103155989182,65.31363724528826,291.98,318.53,3.6166387941601874,False,False,275.1199951171875
V,Visa,미국,2026-10-07,2026-10-09,2,372.1000061035156,385.45001220703125,0.39391091014902013,1655324087.1520996,0.7349874930195519,52.690318455432504,0.035538418747253164,0.9865577666735954,65.17955809437217,409.31,446.52,3.5877468112165856,False,False,386.8399963378906
RKLB,Rocket Lab,미국,2026-10-06,2026-10-09,3,75.05999755859375,68.20999908447266,2.7937565178196344,2028811686.0107422,1.249475613817862,68.00886983502586,0.07690101642804659,0.9588655943929992,71.91494194673791,82.57,90.07,-9.126030771282412,False,False,73.16000366210938
ASTS,AST SpaceMobile,미국,2026-10-06,2026-10-09,3,63.119998931884766,50.96500015258789,8.008214262751313,1111682045.1881409,1.6826511294853748,56.590206427236176,0.0626262173475729,0.9460431321499844,71.8886929142424,69.43,75.74,-19.256969241101864,False,False,61.65999984741211
TSLA,Tesla,미국,2026-10-06,2026-10-09,3,380.67999267578125,382.70001220703125,0.514873823802553,10558311868.859863,0.7744284536574708,63.71025581497818,0.07890260919068304,0.984101558540019,71.10085172221233,418.75,456.82,0.5306345408518487,False,False,388.55999755859375
PANW,Palo Alto Networks,미국,2026-10-06,2026-10-09,3,419.9100036621094,418.7799987792969,3.2328630103193756,2284604356.9244385,0.8809359387763528,69.24348250679347,0.08109986793080348,0.9712719836793459,70.61108669417813,461.9,503.89,-0.2691064449423797,False,False,419.5
NU,Nu Holdings,미국,2026-10-06,2026-10-09,3,15.65999984741211,16.1200008392334,3.1620522568281295,1508305413.3033752,1.1477683292098506,65.04064435503167,0.26801614280990593,0.9980879710788074,67.16286588347171,17.23,18.79,2.9374265408904643,False,False,16.139999389648438
AMZN,Amazon,미국,2026-10-06,2026-10-09,3,256.2900085449219,262.42999267578125,1.9451132725369025,8744820123.55957,0.9519223526326508,63.66039406453561,0.03899951533379342,0.9876681883314156,66.71640579871375,281.92,307.55,2.3957173226217154,False,False,262.79998779296875
MSFT,Microsoft,미국,2026-10-06,2026-10-09,3,256.2900085449219,262.42999267578125,1.9451132725369025,8744820123.55957,0.9519223526326508,63.66039406453561,0.03899951533379342,0.9876681883314156,66.71640579871375,281.92,307.55,2.3957173226217154,False,False,262.79998779296875
NVDA,NVIDIA,미국,2026-10-06,2026-10-09,3,256.2900085449219,262.42999267578125,1.9451132725369025,8744820123.55957,0.9519223526326508,63.66039406453561,0.03899951533379342,0.9876681883314156,66.71640579871375,281.92,307.55,2.3957173226217154,False,False,262.79998779296875
AVGO,Broadcom,미국,2026-10-06,2026-10-09,3,375.80999755859375,361.5400085449219,3.668860840992405,11587838207.720947,1.2591863270536616,69.29618793066416,0.058321574483558125,0.9867923568226428,66.14490226630436,413.39,450.97,-3.797128630524793,False,False,376.9700012207031
AMD,AMD,미국,2026-10-06,2026-10-09,3,649.4199829101562,608.0999755859375,2.7969897760437235,15745771963.641357,1.0916794332212578,83.28471114980707,0.06888091097558902,0.9861810782494185,66.04248937824099,714.36,779.3,-6.362601769513942,False,False,648.47998046875
SMCI,Super Micro Computer,미국,2026-10-06,2026-10-09,3,43.459999084472656,41.85499954223633,0.6251457891844003,1208461772.542572,0.7678563119573842,72.31600844024447,0.05948314479472838,0.9713901978995633,64.60900113164192,47.81,52.15,-3.6930501059530885,False,False,45.77000045776367
HIMS,Hims & Hers Health,미국,2026-10-06,2026-10-09,3,29.469999313354492,30.920000076293945,-0.6740841335529768,259471555.95436096,0.9144995004040392,57.99781620099917,0.02682921707128827,0.9264382209407696,63.96970749087121,32.42,35.36,4.92026059288837,False,False,31.44729995727539
META,Meta Platforms,미국,2026-10-06,2026-10-09,3,738.8800048828125,718.6699829101562,-0.4070655656919775,9282623389.343262,0.5389344086482777,62.36282977070687,0.00012185716935286806,0.9475007026533175,63.70478897725503,812.77,886.66,-2.735223830540867,False,False,738.2899780273438
8035.T,Tokyo Electron,일본,2026-10-06,2026-10-09,3,12805.0,12445.0,0.3133568350959681,150492043000.0,0.740848370541434,80.16806722689076,0.11299435028248594,0.9914827719705769,63.50092556286031,14085.5,15366.0,-2.811401796173374,False,False,12740.0
